account_id,owner_person_id,account_type,institution
ACC00001,P00528,current,BANK_C
ACC00002,P00230,wallet,BANK_A
ACC00003,P00663,wallet,BANK_C
ACC00004,P00032,current,BANK_D
ACC00005,P00656,wallet,BANK_D
ACC00006,P00742,current,BANK_C
ACC00007,P00211,wallet,BANK_C
ACC00008,P00789,current,BANK_D
ACC00009,P00457,savings,BANK_A
ACC00010,P00758,wallet,BANK_C
ACC00011,P00323,wallet,BANK_B
ACC00012,P00899,wallet,BANK_B
ACC00013,P00857,wallet,BANK_B
ACC00014,P00206,wallet,BANK_D
ACC00015,P00342,wallet,BANK_A
ACC00016,P00198,current,BANK_C
ACC00017,P00482,savings,BANK_C
ACC00018,P00518,current,BANK_C
ACC00019,P00055,current,BANK_C
ACC00020,P00559,savings,BANK_A
ACC00021,P00325,wallet,BANK_A
ACC00022,P00320,wallet,BANK_A
ACC00023,P00319,savings,BANK_A
ACC00024,P00920,savings,BANK_A
ACC00025,P00821,wallet,BANK_C
ACC00026,P00129,wallet,BANK_C
ACC00027,P00208,wallet,BANK_A
ACC00028,P00713,wallet,BANK_B
ACC00029,P00105,savings,BANK_D
ACC00030,P00212,wallet,BANK_B
ACC00031,P00863,wallet,BANK_B
ACC00032,P00100,savings,BANK_D
ACC00033,P00579,current,BANK_D
ACC00034,P00918,savings,BANK_C
ACC00035,P00932,wallet,BANK_C
ACC00036,P00718,current,BANK_D
ACC00037,P00152,wallet,BANK_B
ACC00038,P00293,wallet,BANK_A
ACC00039,P00241,current,BANK_D
ACC00040,P00738,wallet,BANK_C
ACC00041,P00685,savings,BANK_D
ACC00042,P00875,current,BANK_C
ACC00043,P00125,savings,BANK_B
ACC00044,P00740,savings,BANK_B
ACC00045,P00678,current,BANK_C
ACC00046,P00237,savings,BANK_D
ACC00047,P00238,current,BANK_A
ACC00048,P00149,savings,BANK_A
ACC00049,P00536,wallet,BANK_C
ACC00050,P00708,wallet,BANK_D
ACC00051,P00389,wallet,BANK_A
ACC00052,P00331,current,BANK_B
ACC00053,P00379,current,BANK_C
ACC00054,P00435,savings,BANK_B
ACC00055,P00154,current,BANK_B
ACC00056,P00185,current,BANK_B
ACC00057,P00589,current,BANK_C
ACC00058,P00179,current,BANK_D
ACC00059,P00599,current,BANK_D
ACC00060,P00166,wallet,BANK_D
ACC00061,P00750,current,BANK_C
ACC00062,P00694,savings,BANK_C
ACC00063,P00083,savings,BANK_B
ACC00064,P00432,wallet,BANK_D
ACC00065,P00091,wallet,BANK_D
ACC00066,P00989,savings,BANK_A
ACC00067,P00022,wallet,BANK_B
ACC00068,P00755,savings,BANK_A
ACC00069,P00383,current,BANK_D
ACC00070,P00923,wallet,BANK_D
ACC00071,P00067,current,BANK_A
ACC00072,P00850,wallet,BANK_C
ACC00073,P00729,wallet,BANK_D
ACC00074,P00914,wallet,BANK_C
ACC00075,P00852,current,BANK_B
ACC00076,P00658,wallet,BANK_C
ACC00077,P00482,savings,BANK_D
ACC00078,P00940,wallet,BANK_D
ACC00079,P00571,savings,BANK_A
ACC00080,P00267,savings,BANK_D
ACC00081,P00176,savings,BANK_D
ACC00082,P00276,wallet,BANK_D
ACC00083,P00637,current,BANK_D
ACC00084,P00834,wallet,BANK_C
ACC00085,P00517,savings,BANK_A
ACC00086,P00745,wallet,BANK_C
ACC00087,P00335,savings,BANK_B
ACC00088,P00436,wallet,BANK_C
ACC00089,P00862,wallet,BANK_D
ACC00090,P00429,savings,BANK_D
ACC00091,P00598,current,BANK_B
ACC00092,P00843,savings,BANK_C
ACC00093,P00357,wallet,BANK_D
ACC00094,P00947,savings,BANK_B
ACC00095,P00115,current,BANK_A
ACC00096,P00702,wallet,BANK_B
ACC00097,P00099,wallet,BANK_C
ACC00098,P00329,wallet,BANK_A
ACC00099,P00707,wallet,BANK_B
ACC00100,P00736,savings,BANK_B
ACC00101,P00977,wallet,BANK_B
ACC00102,P00061,savings,BANK_C
ACC00103,P00228,savings,BANK_A
ACC00104,P00648,current,BANK_D
ACC00105,P00816,wallet,BANK_C
ACC00106,P00284,current,BANK_A
ACC00107,P00338,current,BANK_C
ACC00108,P00348,wallet,BANK_A
ACC00109,P00310,savings,BANK_A
ACC00110,P00008,wallet,BANK_D
ACC00111,P00553,wallet,BANK_C
ACC00112,P00483,wallet,BANK_A
ACC00113,P00155,current,BANK_B
ACC00114,P00883,savings,BANK_D
ACC00115,P00459,current,BANK_C
ACC00116,P00626,savings,BANK_D
ACC00117,P00725,wallet,BANK_D
ACC00118,P00066,wallet,BANK_C
ACC00119,P00465,wallet,BANK_D
ACC00120,P00418,savings,BANK_C
ACC00121,P00855,wallet,BANK_C
ACC00122,P00092,savings,BANK_C
ACC00123,P00442,current,BANK_A
ACC00124,P00256,savings,BANK_D
ACC00125,P00897,current,BANK_D
ACC00126,P00766,current,BANK_C
ACC00127,P00595,current,BANK_D
ACC00128,P00207,wallet,BANK_C
ACC00129,P00882,wallet,BANK_C
ACC00130,P00851,savings,BANK_A
ACC00131,P00929,wallet,BANK_A
ACC00132,P00434,savings,BANK_B
ACC00133,P00048,savings,BANK_A
ACC00134,P00024,savings,BANK_C
ACC00135,P00829,current,BANK_C
ACC00136,P00719,savings,BANK_D
ACC00137,P00219,wallet,BANK_B
ACC00138,P00535,savings,BANK_D
ACC00139,P00511,savings,BANK_A
ACC00140,P00741,wallet,BANK_C
ACC00141,P00423,wallet,BANK_D
ACC00142,P00163,current,BANK_B
ACC00143,P00778,wallet,BANK_C
ACC00144,P00250,wallet,BANK_C
ACC00145,P00796,current,BANK_C
ACC00146,P00122,current,BANK_C
ACC00147,P00433,current,BANK_D
ACC00148,P00835,current,BANK_B
ACC00149,P00408,savings,BANK_B
ACC00150,P00314,current,BANK_C
ACC00151,P00772,current,BANK_D
ACC00152,P00597,current,BANK_C
ACC00153,P00602,savings,BANK_A
ACC00154,P00229,current,BANK_A
ACC00155,P00193,current,BANK_C
ACC00156,P00993,current,BANK_C
ACC00157,P00514,current,BANK_C
ACC00158,P00252,savings,BANK_D
ACC00159,P00148,savings,BANK_B
ACC00160,P00364,wallet,BANK_D
ACC00161,P00915,savings,BANK_A
ACC00162,P00542,wallet,BANK_A
ACC00163,P00217,current,BANK_B
ACC00164,P00910,wallet,BANK_B
ACC00165,P00464,current,BANK_A
ACC00166,P00007,savings,BANK_D
ACC00167,P00130,savings,BANK_D
ACC00168,P00288,wallet,BANK_C
ACC00169,P00928,wallet,BANK_C
ACC00170,P00564,current,BANK_D
ACC00171,P00799,savings,BANK_D
ACC00172,P00792,current,BANK_D
ACC00173,P00643,wallet,BANK_B
ACC00174,P00373,current,BANK_D
ACC00175,P00823,current,BANK_A
ACC00176,P00119,current,BANK_C
ACC00177,P00557,savings,BANK_D
ACC00178,P00089,current,BANK_A
ACC00179,P00053,savings,BANK_C
ACC00180,P00746,wallet,BANK_C
ACC00181,P00263,current,BANK_B
ACC00182,P00884,wallet,BANK_D
ACC00183,P00094,savings,BANK_D
ACC00184,P00585,current,BANK_C
ACC00185,P00271,wallet,BANK_B
ACC00186,P00011,savings,BANK_C
ACC00187,P00029,savings,BANK_A
ACC00188,P00791,wallet,BANK_C
ACC00189,P00052,wallet,BANK_B
ACC00190,P00936,savings,BANK_D
ACC00191,P00690,savings,BANK_B
ACC00192,P00325,current,BANK_B
ACC00193,P00407,current,BANK_C
ACC00194,P00948,current,BANK_A
ACC00195,P00808,wallet,BANK_C
ACC00196,P00137,current,BANK_D
ACC00197,P00137,wallet,BANK_D
ACC00198,P00270,wallet,BANK_B
ACC00199,P00892,current,BANK_D
ACC00200,P00246,savings,BANK_A
ACC00201,P00748,savings,BANK_A
ACC00202,P00859,current,BANK_A
ACC00203,P00655,current,BANK_B
ACC00204,P00461,savings,BANK_B
ACC00205,P00538,wallet,BANK_B
ACC00206,P00472,savings,BANK_C
ACC00207,P00328,savings,BANK_D
ACC00208,P00351,current,BANK_C
ACC00209,P00077,current,BANK_B
ACC00210,P00905,current,BANK_C
ACC00211,P00847,wallet,BANK_B
ACC00212,P00895,current,BANK_D
ACC00213,P00621,current,BANK_C
ACC00214,P00182,wallet,BANK_A
ACC00215,P00671,wallet,BANK_B
ACC00216,P00452,wallet,BANK_A
ACC00217,P00744,current,BANK_A
ACC00218,P00462,wallet,BANK_C
ACC00219,P00021,current,BANK_D
ACC00220,P00417,current,BANK_A
ACC00221,P00620,wallet,BANK_D
ACC00222,P00907,savings,BANK_D
ACC00223,P00749,current,BANK_C
ACC00224,P00041,wallet,BANK_A
ACC00225,P00411,savings,BANK_D
ACC00226,P00028,savings,BANK_B
ACC00227,P00969,savings,BANK_C
ACC00228,P00318,wallet,BANK_D
ACC00229,P00078,current,BANK_A
ACC00230,P00590,current,BANK_B
ACC00231,P00908,current,BANK_B
ACC00232,P00522,savings,BANK_D
ACC00233,P00588,current,BANK_C
ACC00234,P00286,current,BANK_D
ACC00235,P00998,current,BANK_A
ACC00236,P00871,savings,BANK_C
ACC00237,P00359,savings,BANK_D
ACC00238,P00969,current,BANK_B
ACC00239,P00661,current,BANK_A
ACC00240,P00231,current,BANK_A
ACC00241,P00234,current,BANK_A
ACC00242,P00291,wallet,BANK_B
ACC00243,P00283,current,BANK_B
ACC00244,P00258,savings,BANK_A
ACC00245,P00586,savings,BANK_A
ACC00246,P00143,wallet,BANK_C
ACC00247,P00943,wallet,BANK_C
ACC00248,P00078,current,BANK_A
ACC00249,P00886,current,BANK_B
ACC00250,P00497,wallet,BANK_B
ACC00251,P00491,current,BANK_A
ACC00252,P00964,wallet,BANK_C
ACC00253,P00604,savings,BANK_C
ACC00254,P00201,current,BANK_C
ACC00255,P00371,savings,BANK_D
ACC00256,P00872,current,BANK_A
ACC00257,P00639,savings,BANK_D
ACC00258,P00866,current,BANK_B
ACC00259,P00828,wallet,BANK_B
ACC00260,P00846,wallet,BANK_C
ACC00261,P00764,wallet,BANK_D
ACC00262,P00831,current,BANK_A
ACC00263,P00628,savings,BANK_A
ACC00264,P00365,wallet,BANK_D
ACC00265,P00687,savings,BANK_A
ACC00266,P00975,savings,BANK_B
ACC00267,P00489,current,BANK_D
ACC00268,P00125,savings,BANK_B
ACC00269,P00753,savings,BANK_C
ACC00270,P00261,current,BANK_C
ACC00271,P00190,current,BANK_B
ACC00272,P00959,savings,BANK_B
ACC00273,P00336,wallet,BANK_A
ACC00274,P00330,current,BANK_D
ACC00275,P00887,wallet,BANK_A
ACC00276,P00913,wallet,BANK_A
ACC00277,P00363,current,BANK_B
ACC00278,P00878,savings,BANK_A
ACC00279,P00467,current,BANK_C
ACC00280,P00395,savings,BANK_B
ACC00281,P00762,wallet,BANK_A
ACC00282,P00641,wallet,BANK_A
ACC00283,P00300,savings,BANK_B
ACC00284,P00391,savings,BANK_B
ACC00285,P00027,wallet,BANK_C
ACC00286,P00026,savings,BANK_A
ACC00287,P00691,current,BANK_B
ACC00288,P00771,savings,BANK_C
ACC00289,P00362,current,BANK_D
ACC00290,P00870,wallet,BANK_D
ACC00291,P00105,current,BANK_A
ACC00292,P00098,savings,BANK_D
ACC00293,P00083,current,BANK_A
ACC00294,P00456,wallet,BANK_B
ACC00295,P00946,wallet,BANK_C
ACC00296,P00938,savings,BANK_D
ACC00297,P00984,savings,BANK_D
ACC00298,P00854,savings,BANK_B
ACC00299,P00676,current,BANK_A
ACC00300,P00310,wallet,BANK_D
ACC00301,P00970,current,BANK_C
ACC00302,P00935,current,BANK_A
ACC00303,P00033,savings,BANK_C
ACC00304,P00626,wallet,BANK_A
ACC00305,P00437,wallet,BANK_D
ACC00306,P00247,wallet,BANK_B
ACC00307,P00613,savings,BANK_C
ACC00308,P00209,savings,BANK_B
ACC00309,P00434,current,BANK_A
ACC00310,P00118,current,BANK_C
ACC00311,P00836,current,BANK_C
ACC00312,P00159,wallet,BANK_C
ACC00313,P00742,savings,BANK_C
ACC00314,P00519,savings,BANK_A
ACC00315,P00841,wallet,BANK_D
ACC00316,P00845,current,BANK_A
ACC00317,P00282,savings,BANK_C
ACC00318,P00732,current,BANK_A
ACC00319,P00582,wallet,BANK_C
ACC00320,P00997,current,BANK_A
ACC00321,P00460,savings,BANK_A
ACC00322,P00172,savings,BANK_B
ACC00323,P00963,wallet,BANK_C
ACC00324,P00987,current,BANK_D
ACC00325,P00360,current,BANK_D
ACC00326,P00407,savings,BANK_A
ACC00327,P00869,savings,BANK_D
ACC00328,P00571,current,BANK_A
ACC00329,P00472,wallet,BANK_D
ACC00330,P00978,current,BANK_B
ACC00331,P00638,wallet,BANK_C
ACC00332,P00622,wallet,BANK_D
ACC00333,P00490,wallet,BANK_D
ACC00334,P00880,savings,BANK_B
ACC00335,P00227,wallet,BANK_A
ACC00336,P00759,wallet,BANK_B
ACC00337,P00674,current,BANK_C
ACC00338,P00010,wallet,BANK_B
ACC00339,P00093,current,BANK_A
ACC00340,P00642,wallet,BANK_D
ACC00341,P00254,savings,BANK_D
ACC00342,P00257,current,BANK_A
ACC00343,P00618,current,BANK_C
ACC00344,P00335,savings,BANK_A
ACC00345,P00200,savings,BANK_D
ACC00346,P00701,savings,BANK_D
ACC00347,P00401,current,BANK_D
ACC00348,P00812,current,BANK_B
ACC00349,P00991,wallet,BANK_C
ACC00350,P00916,savings,BANK_C
ACC00351,P00919,current,BANK_D
ACC00352,P00932,current,BANK_C
ACC00353,P00174,savings,BANK_D
ACC00354,P00422,savings,BANK_C
ACC00355,P00422,wallet,BANK_A
ACC00356,P00398,savings,BANK_B
ACC00357,P00096,wallet,BANK_C
ACC00358,P00106,wallet,BANK_D
ACC00359,P00881,wallet,BANK_B
ACC00360,P00763,current,BANK_B
ACC00361,P00888,wallet,BANK_B
ACC00362,P00593,current,BANK_D
ACC00363,P00654,current,BANK_D
ACC00364,P00738,current,BANK_D
ACC00365,P00197,current,BANK_B
ACC00366,P00038,current,BANK_B
ACC00367,P00790,current,BANK_A
ACC00368,P00549,savings,BANK_B
ACC00369,P00045,current,BANK_D
ACC00370,P00326,wallet,BANK_B
ACC00371,P00740,current,BANK_A
ACC00372,P00122,current,BANK_B
ACC00373,P00735,wallet,BANK_D
ACC00374,P00416,savings,BANK_C
ACC00375,P00055,current,BANK_A
ACC00376,P00344,savings,BANK_D
ACC00377,P00953,savings,BANK_B
ACC00378,P00434,current,BANK_A
ACC00379,P00449,current,BANK_A
ACC00380,P00116,wallet,BANK_C
ACC00381,P00960,current,BANK_D
ACC00382,P00430,savings,BANK_C
ACC00383,P00225,current,BANK_C
ACC00384,P00269,savings,BANK_C
ACC00385,P00259,wallet,BANK_D
ACC00386,P00596,wallet,BANK_C
ACC00387,P00815,wallet,BANK_B
ACC00388,P00901,wallet,BANK_C
ACC00389,P00303,current,BANK_B
ACC00390,P00976,wallet,BANK_C
ACC00391,P00630,savings,BANK_A
ACC00392,P00249,savings,BANK_A
ACC00393,P00403,savings,BANK_C
ACC00394,P00600,current,BANK_C
ACC00395,P00367,wallet,BANK_D
ACC00396,P00049,current,BANK_B
ACC00397,P00289,current,BANK_A
ACC00398,P00868,savings,BANK_A
ACC00399,P00071,current,BANK_C
ACC00400,P00695,savings,BANK_D
ACC00401,P00361,savings,BANK_A
ACC00402,P00807,wallet,BANK_C
ACC00403,P00983,current,BANK_D
ACC00404,P00054,wallet,BANK_B
ACC00405,P00009,wallet,BANK_A
ACC00406,P00478,savings,BANK_D
ACC00407,P00488,current,BANK_C
ACC00408,P00974,current,BANK_A
ACC00409,P00879,wallet,BANK_D
ACC00410,P00085,wallet,BANK_D
ACC00411,P00539,current,BANK_B
ACC00412,P00992,wallet,BANK_D
ACC00413,P00696,wallet,BANK_A
ACC00414,P00059,savings,BANK_C
ACC00415,P00603,savings,BANK_D
ACC00416,P00925,current,BANK_C
ACC00417,P00455,current,BANK_A
ACC00418,P00526,wallet,BANK_B
ACC00419,P00275,current,BANK_C
ACC00420,P00504,current,BANK_B
ACC00421,P00775,current,BANK_C
ACC00422,P00241,savings,BANK_B
ACC00423,P00704,current,BANK_A
ACC00424,P00447,savings,BANK_A
ACC00425,P00825,wallet,BANK_A
ACC00426,P00822,current,BANK_B
ACC00427,P00245,savings,BANK_D
ACC00428,P00612,savings,BANK_A
ACC00429,P00666,current,BANK_D
ACC00430,P00515,savings,BANK_C
ACC00431,P00086,savings,BANK_A
ACC00432,P00552,wallet,BANK_C
ACC00433,P00900,wallet,BANK_C
ACC00434,P00613,savings,BANK_B
ACC00435,P00646,current,BANK_D
ACC00436,P00617,wallet,BANK_D
ACC00437,P00075,wallet,BANK_A
ACC00438,P00988,current,BANK_A
ACC00439,P00865,current,BANK_C
ACC00440,P00074,current,BANK_A
ACC00441,P00003,current,BANK_A
ACC00442,P00693,savings,BANK_A
ACC00443,P00142,savings,BANK_B
ACC00444,P00985,wallet,BANK_A
ACC00445,P00765,current,BANK_B
ACC00446,P00178,savings,BANK_C
ACC00447,P00315,savings,BANK_B
ACC00448,P00324,savings,BANK_B
ACC00449,P00215,wallet,BANK_C
ACC00450,P00874,savings,BANK_C
ACC00451,P00042,current,BANK_C
ACC00452,P00020,savings,BANK_A
ACC00453,P00684,current,BANK_B
ACC00454,P00657,current,BANK_B
ACC00455,P00547,wallet,BANK_A
ACC00456,P00910,savings,BANK_D
ACC00457,P00949,current,BANK_C
ACC00458,P00037,current,BANK_A
ACC00459,P00587,savings,BANK_A
ACC00460,P00634,savings,BANK_D
ACC00461,P00566,current,BANK_D
ACC00462,P00196,current,BANK_C
ACC00463,P00594,savings,BANK_D
ACC00464,P00644,current,BANK_D
ACC00465,P00809,current,BANK_C
ACC00466,P00580,current,BANK_D
ACC00467,P00479,wallet,BANK_B
ACC00468,P00513,savings,BANK_D
ACC00469,P00545,savings,BANK_A
ACC00470,P00229,current,BANK_B
ACC00471,P00911,wallet,BANK_C
ACC00472,P00441,wallet,BANK_B
ACC00473,P00665,wallet,BANK_D
ACC00474,P00067,savings,BANK_D
ACC00475,P00978,savings,BANK_A
ACC00476,P00724,savings,BANK_D
ACC00477,P00144,savings,BANK_D
ACC00478,P00073,wallet,BANK_D
ACC00479,P00688,savings,BANK_C
ACC00480,P00485,wallet,BANK_C
ACC00481,P00561,savings,BANK_A
ACC00482,P00980,wallet,BANK_A
ACC00483,P00064,current,BANK_A
ACC00484,P00972,current,BANK_C
ACC00485,P00411,wallet,BANK_B
ACC00486,P00213,wallet,BANK_A
ACC00487,P00709,savings,BANK_A
ACC00488,P00611,savings,BANK_A
ACC00489,P00432,wallet,BANK_D
ACC00490,P00566,current,BANK_A
ACC00491,P00905,savings,BANK_A
ACC00492,P00025,savings,BANK_A
ACC00493,P00114,wallet,BANK_D
ACC00494,P00537,savings,BANK_C
ACC00495,P00470,savings,BANK_C
ACC00496,P00777,current,BANK_C
ACC00497,P00327,wallet,BANK_A
ACC00498,P00386,savings,BANK_B
ACC00499,P00027,current,BANK_A
ACC00500,P00450,wallet,BANK_B
ACC00501,P00358,wallet,BANK_A
ACC00502,P00269,savings,BANK_B
ACC00503,P00285,current,BANK_B
ACC00504,P00374,wallet,BANK_B
ACC00505,P00421,wallet,BANK_C
ACC00506,P00272,savings,BANK_C
ACC00507,P00811,savings,BANK_D
ACC00508,P00556,wallet,BANK_D
ACC00509,P00953,wallet,BANK_C
ACC00510,P00333,savings,BANK_C
ACC00511,P00076,savings,BANK_A
ACC00512,P00164,current,BANK_C
ACC00513,P00767,wallet,BANK_A
ACC00514,P00438,current,BANK_C
ACC00515,P00575,savings,BANK_D
ACC00516,P00675,current,BANK_C
ACC00517,P00739,wallet,BANK_D
ACC00518,P00833,wallet,BANK_C
ACC00519,P00913,current,BANK_A
ACC00520,P00563,savings,BANK_B
ACC00521,P00592,current,BANK_B
ACC00522,P00231,wallet,BANK_A
ACC00523,P00387,wallet,BANK_A
ACC00524,P00384,savings,BANK_D
ACC00525,P00298,current,BANK_B
ACC00526,P00837,current,BANK_D
ACC00527,P00199,savings,BANK_B
ACC00528,P00135,wallet,BANK_D
ACC00529,P00321,current,BANK_A
ACC00530,P00273,savings,BANK_A
ACC00531,P00123,wallet,BANK_B
ACC00532,P00887,wallet,BANK_C
ACC00533,P00419,wallet,BANK_D
ACC00534,P00426,current,BANK_D
ACC00535,P00077,current,BANK_D
ACC00536,P00424,current,BANK_B
ACC00537,P00294,current,BANK_A
ACC00538,P00773,savings,BANK_A
ACC00539,P00218,wallet,BANK_D
ACC00540,P00181,wallet,BANK_A
ACC00541,P00050,current,BANK_A
ACC00542,P00727,savings,BANK_D
ACC00543,P00734,savings,BANK_A
ACC00544,P00138,current,BANK_D
ACC00545,P00565,savings,BANK_A
ACC00546,P00150,current,BANK_C
ACC00547,P00070,current,BANK_D
ACC00548,P00578,current,BANK_A
ACC00549,P00147,current,BANK_B
ACC00550,P00779,savings,BANK_B
ACC00551,P00912,wallet,BANK_D
ACC00552,P00265,current,BANK_B
ACC00553,P00039,wallet,BANK_B
ACC00554,P00280,current,BANK_D
ACC00555,P00276,savings,BANK_B
ACC00556,P00406,current,BANK_A
ACC00557,P00017,savings,BANK_D
ACC00558,P00184,current,BANK_D
ACC00559,P00104,current,BANK_A
ACC00560,P00260,savings,BANK_D
ACC00561,P00804,savings,BANK_C
ACC00562,P00145,current,BANK_D
ACC00563,P00399,wallet,BANK_A
ACC00564,P00562,savings,BANK_C
ACC00565,P00520,wallet,BANK_D
ACC00566,P00780,savings,BANK_D
ACC00567,P00232,savings,BANK_B
ACC00568,P00786,savings,BANK_B
ACC00569,P00917,savings,BANK_C
ACC00570,P00151,wallet,BANK_B
ACC00571,P00012,current,BANK_C
ACC00572,P00530,wallet,BANK_D
ACC00573,P00921,current,BANK_B
ACC00574,P00527,savings,BANK_C
ACC00575,P00523,current,BANK_C
ACC00576,P00170,wallet,BANK_B
ACC00577,P00820,current,BANK_B
ACC00578,P00813,current,BANK_B
ACC00579,P00449,savings,BANK_D
ACC00580,P00068,savings,BANK_B
ACC00581,P00820,wallet,BANK_C
ACC00582,P00756,wallet,BANK_D
ACC00583,P00088,wallet,BANK_D
ACC00584,P00904,wallet,BANK_D
ACC00585,P00480,savings,BANK_D
ACC00586,P00646,wallet,BANK_A
ACC00587,P00985,current,BANK_D
ACC00588,P00805,wallet,BANK_A
ACC00589,P00512,wallet,BANK_A
ACC00590,P00402,savings,BANK_A
ACC00591,P00893,current,BANK_B
ACC00592,P00405,savings,BANK_D
ACC00593,P00354,savings,BANK_A
ACC00594,P00710,wallet,BANK_B
ACC00595,P00642,savings,BANK_C
ACC00596,P00610,wallet,BANK_C
ACC00597,P00986,wallet,BANK_C
ACC00598,P00392,wallet,BANK_B
ACC00599,P00397,wallet,BANK_D
ACC00600,P00784,wallet,BANK_A
ACC00601,P00393,wallet,BANK_D
ACC00602,P00492,savings,BANK_C
ACC00603,P00665,savings,BANK_B
ACC00604,P00496,current,BANK_B
ACC00605,P00203,savings,BANK_B
ACC00606,P00782,wallet,BANK_A
ACC00607,P00340,savings,BANK_B
ACC00608,P00186,current,BANK_B
ACC00609,P00044,current,BANK_A
ACC00610,P00752,wallet,BANK_B
ACC00611,P00507,savings,BANK_D
ACC00612,P00645,current,BANK_C
ACC00613,P00770,savings,BANK_B
ACC00614,P00127,current,BANK_A
ACC00615,P00631,wallet,BANK_B
ACC00616,P00558,savings,BANK_C
ACC00617,P00425,wallet,BANK_D
ACC00618,P00498,wallet,BANK_B
ACC00619,P00226,wallet,BANK_B
ACC00620,P00004,wallet,BANK_C
ACC00621,P00982,savings,BANK_D
ACC00622,P00944,savings,BANK_A
ACC00623,P00666,savings,BANK_D
ACC00624,P00443,current,BANK_C
ACC00625,P00633,savings,BANK_A
ACC00626,P00888,savings,BANK_B
ACC00627,P00716,savings,BANK_C
ACC00628,P00670,current,BANK_C
ACC00629,P00769,savings,BANK_D
ACC00630,P00632,wallet,BANK_C
ACC00631,P00522,savings,BANK_C
ACC00632,P00873,savings,BANK_C
ACC00633,P00883,savings,BANK_B
ACC00634,P00212,current,BANK_D
ACC00635,P00037,current,BANK_D
ACC00636,P00663,savings,BANK_D
ACC00637,P00892,savings,BANK_A
ACC00638,P00516,savings,BANK_C
ACC00639,P00838,savings,BANK_D
ACC00640,P00505,wallet,BANK_C
ACC00641,P00649,savings,BANK_B
ACC00642,P00896,wallet,BANK_B
ACC00643,P00524,savings,BANK_C
ACC00644,P00161,current,BANK_C
ACC00645,P00700,current,BANK_C
ACC00646,P00290,wallet,BANK_B
ACC00647,P00167,wallet,BANK_C
ACC00648,P00146,wallet,BANK_C
ACC00649,P00961,current,BANK_D
ACC00650,P00337,current,BANK_D
ACC00651,P00243,current,BANK_B
ACC00652,P00264,wallet,BANK_B
ACC00653,P00438,wallet,BANK_C
ACC00654,P00924,current,BANK_B
ACC00655,P00223,wallet,BANK_A
ACC00656,P00669,savings,BANK_C
ACC00657,P00165,current,BANK_B
ACC00658,P00804,savings,BANK_A
ACC00659,P00906,current,BANK_A
ACC00660,P00705,savings,BANK_D
ACC00661,P00221,savings,BANK_D
ACC00662,P00488,wallet,BANK_A
ACC00663,P00653,current,BANK_B
ACC00664,P00446,savings,BANK_A
ACC00665,P00608,wallet,BANK_D
ACC00666,P00615,current,BANK_D
ACC00667,P00390,current,BANK_A
ACC00668,P00341,wallet,BANK_B
ACC00669,P00950,wallet,BANK_D
ACC00670,P00162,savings,BANK_D
ACC00671,P00270,savings,BANK_D
ACC00672,P00001,current,BANK_A
ACC00673,P00194,current,BANK_C
ACC00674,P00743,wallet,BANK_D
ACC00675,P00111,savings,BANK_C
ACC00676,P00367,current,BANK_D
ACC00677,P00474,savings,BANK_A
ACC00678,P00605,wallet,BANK_B
ACC00679,P00189,savings,BANK_D
ACC00680,P00306,current,BANK_A
ACC00681,P00388,savings,BANK_C
ACC00682,P00339,wallet,BANK_C
ACC00683,P00082,wallet,BANK_B
ACC00684,P00968,savings,BANK_D
ACC00685,P00244,wallet,BANK_B
ACC00686,P00877,current,BANK_A
ACC00687,P00731,savings,BANK_D
ACC00688,P00281,savings,BANK_C
ACC00689,P00095,savings,BANK_C
ACC00690,P00350,savings,BANK_A
ACC00691,P00321,wallet,BANK_A
ACC00692,P00390,current,BANK_D
ACC00693,P00136,current,BANK_B
ACC00694,P00645,current,BANK_C
ACC00695,P00163,savings,BANK_A
ACC00696,P00856,wallet,BANK_A
ACC00697,P00071,savings,BANK_C
ACC00698,P00946,wallet,BANK_A
ACC00699,P00427,wallet,BANK_C
ACC00700,P00292,current,BANK_C
ACC00701,P00849,savings,BANK_B
ACC00702,P00134,wallet,BANK_C
ACC00703,P00760,current,BANK_C
ACC00704,P00018,current,BANK_D
ACC00705,P00233,current,BANK_A
ACC00706,P00698,current,BANK_D
ACC00707,P00410,wallet,BANK_A
ACC00708,P00396,current,BANK_B
ACC00709,P00128,current,BANK_A
ACC00710,P00606,savings,BANK_A
ACC00711,P00240,current,BANK_D
ACC00712,P00087,wallet,BANK_C
ACC00713,P00686,savings,BANK_D
ACC00714,P00365,wallet,BANK_A
ACC00715,P00996,savings,BANK_D
ACC00716,P00852,savings,BANK_B
ACC00717,P00036,savings,BANK_C
ACC00718,P00400,savings,BANK_A
ACC00719,P00453,wallet,BANK_D
ACC00720,P00107,savings,BANK_D
ACC00721,P00818,savings,BANK_A
ACC00722,P00316,current,BANK_D
ACC00723,P00081,savings,BANK_A
ACC00724,P00111,current,BANK_B
ACC00725,P00516,wallet,BANK_D
ACC00726,P00222,savings,BANK_C
ACC00727,P00287,savings,BANK_B
ACC00728,P00316,wallet,BANK_A
ACC00729,P00175,current,BANK_D
ACC00730,P00409,savings,BANK_A
ACC00731,P00635,current,BANK_C
ACC00732,P00894,wallet,BANK_D
ACC00733,P00824,savings,BANK_C
ACC00734,P00796,savings,BANK_C
ACC00735,P00880,current,BANK_D
ACC00736,P00623,wallet,BANK_B
ACC00737,P00747,wallet,BANK_B
ACC00738,P00444,savings,BANK_B
ACC00739,P00662,wallet,BANK_C
ACC00740,P00468,current,BANK_C
ACC00741,P00439,current,BANK_C
ACC00742,P00930,wallet,BANK_D
ACC00743,P00616,wallet,BANK_B
ACC00744,P00640,wallet,BANK_B
ACC00745,P00664,current,BANK_C
ACC00746,P00278,wallet,BANK_B
ACC00747,P00377,wallet,BANK_A
ACC00748,P00307,savings,BANK_C
ACC00749,P00934,current,BANK_A
ACC00750,P00177,savings,BANK_A
ACC00751,P00402,current,BANK_A
ACC00752,P00109,wallet,BANK_A
ACC00753,P00018,savings,BANK_C
ACC00754,P00935,wallet,BANK_B
ACC00755,P00726,wallet,BANK_B
ACC00756,P00768,wallet,BANK_A
ACC00757,P00785,wallet,BANK_A
ACC00758,P00065,savings,BANK_B
ACC00759,P00840,current,BANK_B
ACC00760,P00133,wallet,BANK_D
ACC00761,P00374,wallet,BANK_A
ACC00762,P00933,current,BANK_C
ACC00763,P00261,savings,BANK_B
ACC00764,P00223,current,BANK_B
ACC00765,P00692,savings,BANK_B
ACC00766,P00815,current,BANK_A
ACC00767,P00797,savings,BANK_A
ACC00768,P00830,current,BANK_C
ACC00769,P00858,savings,BANK_C
ACC00770,P00060,current,BANK_D
ACC00771,P00806,current,BANK_C
ACC00772,P00347,wallet,BANK_D
ACC00773,P00031,current,BANK_B
ACC00774,P00420,savings,BANK_B
ACC00775,P00757,savings,BANK_D
ACC00776,P00760,savings,BANK_D
ACC00777,P00660,savings,BANK_C
ACC00778,P00185,current,BANK_C
ACC00779,P00345,wallet,BANK_C
ACC00780,P00711,wallet,BANK_D
ACC00781,P00982,current,BANK_A
ACC00782,P00819,wallet,BANK_C
ACC00783,P00891,current,BANK_C
ACC00784,P00168,wallet,BANK_C
ACC00785,P00297,wallet,BANK_A
ACC00786,P00801,savings,BANK_D
ACC00787,P00576,savings,BANK_B
ACC00788,P00970,savings,BANK_A
ACC00789,P00699,current,BANK_D
ACC00790,P00101,wallet,BANK_D
ACC00791,P00458,savings,BANK_C
ACC00792,P00205,current,BANK_A
ACC00793,P00476,wallet,BANK_D
ACC00794,P00652,savings,BANK_C
ACC00795,P00572,savings,BANK_C
ACC00796,P00715,current,BANK_C
ACC00797,P00567,wallet,BANK_B
ACC00798,P00572,current,BANK_A
ACC00799,P00414,current,BANK_D
ACC00800,P00595,current,BANK_C
ACC00801,P00681,savings,BANK_C
ACC00802,P00749,savings,BANK_D
ACC00803,P00382,current,BANK_A
ACC00804,P00659,current,BANK_D
ACC00805,P00495,current,BANK_A
ACC00806,P00165,wallet,BANK_B
ACC00807,P00313,current,BANK_B
ACC00808,P00601,current,BANK_C
ACC00809,P00941,savings,BANK_D
ACC00810,P00995,savings,BANK_D
ACC00811,P00235,current,BANK_C
ACC00812,P00973,current,BANK_B
ACC00813,P00165,wallet,BANK_A
ACC00814,P00048,wallet,BANK_B
ACC00815,P00503,savings,BANK_C
ACC00816,P00550,current,BANK_D
ACC00817,P00533,savings,BANK_D
ACC00818,P00381,savings,BANK_C
ACC00819,P00380,wallet,BANK_B
ACC00820,P00581,current,BANK_C
ACC00821,P00962,savings,BANK_D
ACC00822,P00518,savings,BANK_C
ACC00823,P00967,savings,BANK_D
ACC00824,P00795,current,BANK_D
ACC00825,P00817,savings,BANK_B
ACC00826,P00460,savings,BANK_D
ACC00827,P00382,current,BANK_B
ACC00828,P00378,savings,BANK_B
ACC00829,P00368,savings,BANK_D
ACC00830,P00714,wallet,BANK_A
ACC00831,P00019,wallet,BANK_B
ACC00832,P00388,wallet,BANK_A
ACC00833,P00454,current,BANK_B
ACC00834,P00486,wallet,BANK_D
ACC00835,P00954,wallet,BANK_A
ACC00836,P00555,wallet,BANK_B
ACC00837,P00335,savings,BANK_D
ACC00838,P00573,savings,BANK_B
ACC00839,P00500,wallet,BANK_A
ACC00840,P00188,current,BANK_C
ACC00841,P00220,current,BANK_B
ACC00842,P00651,savings,BANK_D
ACC00843,P00169,savings,BANK_A
ACC00844,P00534,savings,BANK_B
ACC00845,P00927,savings,BANK_A
ACC00846,P00056,wallet,BANK_B
ACC00847,P00477,current,BANK_D
ACC00848,P00209,savings,BANK_A
ACC00849,P00965,current,BANK_C
ACC00850,P00814,savings,BANK_C
ACC00851,P00376,wallet,BANK_A
ACC00852,P00138,savings,BANK_B
ACC00853,P00072,savings,BANK_A
ACC00854,P00544,wallet,BANK_B
ACC00855,P00931,wallet,BANK_B
ACC00856,P00153,savings,BANK_C
ACC00857,P00773,savings,BANK_A
ACC00858,P00827,savings,BANK_C
ACC00859,P00301,wallet,BANK_C
ACC00860,P00214,savings,BANK_A
ACC00861,P00643,wallet,BANK_A
ACC00862,P00158,current,BANK_D
ACC00863,P00356,savings,BANK_D
ACC00864,P00958,wallet,BANK_C
ACC00865,P00127,savings,BANK_D
ACC00866,P00469,current,BANK_D
ACC00867,P00058,wallet,BANK_A
ACC00868,P00515,current,BANK_C
ACC00869,P00502,current,BANK_D
ACC00870,P00938,wallet,BANK_C
ACC00871,P00858,current,BANK_D
ACC00872,P00519,savings,BANK_B
ACC00873,P00625,wallet,BANK_D
ACC00874,P00337,wallet,BANK_C
ACC00875,P00054,savings,BANK_B
ACC00876,P00953,wallet,BANK_B
ACC00877,P00561,current,BANK_B
ACC00878,P00435,current,BANK_D
ACC00879,P00317,wallet,BANK_D
ACC00880,P00083,current,BANK_D
ACC00881,P00299,wallet,BANK_D
ACC00882,P00810,savings,BANK_D
ACC00883,P00624,wallet,BANK_D
ACC00884,P00981,savings,BANK_C
ACC00885,P00202,current,BANK_C
ACC00886,P00706,current,BANK_C
ACC00887,P00028,wallet,BANK_D
ACC00888,P00353,wallet,BANK_A
ACC00889,P00428,current,BANK_D
ACC00890,P00640,current,BANK_A
ACC00891,P00216,current,BANK_D
ACC00892,P00194,current,BANK_C
ACC00893,P00199,wallet,BANK_D
ACC00894,P00777,wallet,BANK_C
ACC00895,P00509,wallet,BANK_D
ACC00896,P00761,current,BANK_A
ACC00897,P00956,wallet,BANK_B
ACC00898,P00260,current,BANK_A
ACC00899,P00860,wallet,BANK_B
ACC00900,P00431,wallet,BANK_A
ACC00901,P00242,wallet,BANK_B
ACC00902,P00295,current,BANK_D
ACC00903,P00394,current,BANK_C
ACC00904,P00415,current,BANK_C
ACC00905,P00013,savings,BANK_D
ACC00906,P00944,wallet,BANK_B
ACC00907,P00124,wallet,BANK_C
ACC00908,P00499,savings,BANK_B
ACC00909,P00597,savings,BANK_D
ACC00910,P00962,wallet,BANK_D
ACC00911,P00569,current,BANK_B
ACC00912,P00448,wallet,BANK_D
ACC00913,P00322,current,BANK_A
ACC00914,P00003,current,BANK_C
ACC00915,P00195,savings,BANK_D
ACC00916,P00547,current,BANK_D
ACC00917,P00084,wallet,BANK_D
ACC00918,P00210,savings,BANK_B
ACC00919,P00798,savings,BANK_A
ACC00920,P00957,savings,BANK_D
ACC00921,P00909,current,BANK_D
ACC00922,P00372,wallet,BANK_A
ACC00923,P00920,savings,BANK_D
ACC00924,P00079,savings,BANK_C
ACC00925,P00689,savings,BANK_C
ACC00926,P00259,wallet,BANK_B
ACC00927,P00697,savings,BANK_A
ACC00928,P00510,wallet,BANK_B
ACC00929,P00253,current,BANK_C
ACC00930,P00274,wallet,BANK_C
ACC00931,P00043,savings,BANK_D
ACC00932,P00889,wallet,BANK_D
ACC00933,P00609,wallet,BANK_A
ACC00934,P00519,savings,BANK_D
ACC00935,P00955,current,BANK_D
ACC00936,P00495,current,BANK_A
ACC00937,P00554,wallet,BANK_C
ACC00938,P00296,wallet,BANK_C
ACC00939,P00103,savings,BANK_A
ACC00940,P00725,wallet,BANK_A
ACC00941,P00084,savings,BANK_D
ACC00942,P00709,savings,BANK_B
ACC00943,P00728,savings,BANK_D
ACC00944,P00035,current,BANK_D
ACC00945,P00213,wallet,BANK_B
ACC00946,P00584,savings,BANK_D
ACC00947,P00680,savings,BANK_B
ACC00948,P00619,current,BANK_C
ACC00949,P00843,savings,BANK_A
ACC00950,P00229,savings,BANK_D
ACC00951,P00543,wallet,BANK_B
ACC00952,P00873,wallet,BANK_C
ACC00953,P00414,wallet,BANK_C
ACC00954,P00802,wallet,BANK_B
ACC00955,P00546,current,BANK_A
ACC00956,P00529,current,BANK_B
ACC00957,P00332,wallet,BANK_B
ACC00958,P00891,wallet,BANK_C
ACC00959,P00034,wallet,BANK_C
ACC00960,P00090,current,BANK_D
ACC00961,P00304,wallet,BANK_D
ACC00962,P00348,wallet,BANK_C
ACC00963,P00826,savings,BANK_D
ACC00964,P00524,wallet,BANK_C
ACC00965,P00352,wallet,BANK_A
ACC00966,P00682,wallet,BANK_D
ACC00967,P00999,savings,BANK_B
ACC00968,P00255,savings,BANK_B
ACC00969,P00607,current,BANK_C
ACC00970,P00312,savings,BANK_C
ACC00971,P00236,savings,BANK_D
ACC00972,P00521,wallet,BANK_B
ACC00973,P00143,savings,BANK_C
ACC00974,P00370,wallet,BANK_D
ACC00975,P00413,current,BANK_A
ACC00976,P00121,savings,BANK_D
ACC00977,P00647,savings,BANK_D
ACC00978,P00251,current,BANK_D
ACC00979,P00309,savings,BANK_C
ACC00980,P00903,current,BANK_B
ACC00981,P00677,wallet,BANK_B
ACC00982,P00466,current,BANK_A
ACC00983,P00371,current,BANK_D
ACC00984,P00945,savings,BANK_D
ACC00985,P00730,current,BANK_C
ACC00986,P00774,savings,BANK_B
ACC00987,P00023,savings,BANK_D
ACC00988,P00279,current,BANK_B
ACC00989,P00131,savings,BANK_B
ACC00990,P00156,savings,BANK_C
ACC00991,P00463,wallet,BANK_B
ACC00992,P00867,savings,BANK_B
ACC00993,P00776,savings,BANK_C
ACC00994,P00506,current,BANK_C
ACC00995,P00532,current,BANK_A
ACC00996,P00832,current,BANK_B
ACC00997,P00102,current,BANK_D
ACC00998,P00673,wallet,BANK_D
ACC00999,P00560,savings,BANK_D
ACC01000,P00583,savings,BANK_B
ACC01001,P00440,current,BANK_B
ACC01002,P00355,current,BANK_D
ACC01003,P00315,savings,BANK_D
ACC01004,P00262,current,BANK_D
ACC01005,P00662,savings,BANK_D
ACC01006,P00541,current,BANK_A
ACC01007,P00534,savings,BANK_C
ACC01008,P00922,savings,BANK_A
ACC01009,P00080,wallet,BANK_B
ACC01010,P00046,wallet,BANK_A
ACC01011,P00480,savings,BANK_D
ACC01012,P00097,current,BANK_D
ACC01013,P00614,wallet,BANK_D
ACC01014,P00235,savings,BANK_A
ACC01015,P00187,savings,BANK_C
ACC01016,P00584,wallet,BANK_C
ACC01017,P00599,current,BANK_B
ACC01018,P00577,current,BANK_D
ACC01019,P00769,current,BANK_C
ACC01020,P00063,current,BANK_A
ACC01021,P00842,current,BANK_B
ACC01022,P00966,current,BANK_D
ACC01023,P00302,savings,BANK_B
ACC01024,P00979,current,BANK_A
ACC01025,P00683,current,BANK_D
ACC01026,P00803,savings,BANK_C
ACC01027,P00940,savings,BANK_C
ACC01028,P00650,wallet,BANK_D
ACC01029,P00120,current,BANK_D
ACC01030,P00822,savings,BANK_A
ACC01031,P00069,current,BANK_A
ACC01032,P00062,current,BANK_C
ACC01033,P00266,wallet,BANK_B
ACC01034,P00484,current,BANK_A
ACC01035,P00844,current,BANK_A
ACC01036,P00787,current,BANK_D
ACC01037,P00733,savings,BANK_A
ACC01038,P00894,current,BANK_B
ACC01039,P00224,savings,BANK_B
ACC01040,P00493,savings,BANK_B
ACC01041,P00325,current,BANK_A
ACC01042,P00570,wallet,BANK_A
ACC01043,P00788,current,BANK_B
ACC01044,P00606,wallet,BANK_C
ACC01045,P00990,savings,BANK_C
ACC01046,P00857,current,BANK_A
ACC01047,P00551,wallet,BANK_A
ACC01048,P00783,wallet,BANK_D
ACC01049,P00722,wallet,BANK_A
ACC01050,P00525,wallet,BANK_D
ACC01051,P00385,wallet,BANK_D
ACC01052,P00032,current,BANK_D
ACC01053,P00025,wallet,BANK_A
ACC01054,P00864,savings,BANK_D
ACC01055,P00548,savings,BANK_C
ACC01056,P00051,savings,BANK_B
ACC01057,P00334,savings,BANK_C
ACC01058,P00882,savings,BANK_D
ACC01059,P00238,current,BANK_A
ACC01060,P00667,current,BANK_C
ACC01061,P00723,savings,BANK_C
ACC01062,P00926,current,BANK_D
ACC01063,P00141,current,BANK_C
ACC01064,P00175,wallet,BANK_B
ACC01065,P00412,wallet,BANK_B
ACC01066,P00113,wallet,BANK_B
ACC01067,P00761,wallet,BANK_D
ACC01068,P00366,current,BANK_C
ACC01069,P00016,wallet,BANK_C
ACC01070,P00487,savings,BANK_B
ACC01071,P00480,wallet,BANK_D
ACC01072,P00690,wallet,BANK_B
ACC01073,P00629,current,BANK_B
ACC01074,P00403,wallet,BANK_D
ACC01075,P00040,wallet,BANK_A
ACC01076,P00568,current,BANK_B
ACC01077,P00311,savings,BANK_B
ACC01078,P00848,wallet,BANK_D
ACC01079,P00445,current,BANK_A
ACC01080,P00508,wallet,BANK_B
ACC01081,P00672,wallet,BANK_C
ACC01082,P00574,current,BANK_C
ACC01083,P00902,wallet,BANK_A
ACC01084,P00737,wallet,BANK_C
ACC01085,P00503,savings,BANK_C
ACC01086,P00754,wallet,BANK_C
ACC01087,P00343,savings,BANK_A
ACC01088,P00005,current,BANK_D
ACC01089,P00350,wallet,BANK_B
ACC01090,P00139,savings,BANK_C
ACC01091,P00668,wallet,BANK_A
ACC01092,P00937,savings,BANK_C
ACC01093,P00097,wallet,BANK_A
ACC01094,P00994,current,BANK_B
ACC01095,P00268,savings,BANK_A
ACC01096,P00007,savings,BANK_A
ACC01097,P00540,savings,BANK_D
ACC01098,P00157,wallet,BANK_C
ACC01099,P00814,savings,BANK_C
ACC01100,P00781,wallet,BANK_A
ACC01101,P00939,current,BANK_D
ACC01102,P00127,current,BANK_B
ACC01103,P00745,savings,BANK_B
ACC01104,P00952,wallet,BANK_D
ACC01105,P00248,savings,BANK_D
ACC01106,P00636,current,BANK_A
ACC01107,P00292,wallet,BANK_D
ACC01108,P00240,current,BANK_B
ACC01109,P00072,wallet,BANK_A
ACC01110,P00829,current,BANK_A
ACC01111,P00112,savings,BANK_B
ACC01112,P00481,current,BANK_C
ACC01113,P00239,savings,BANK_D
ACC01114,P00171,wallet,BANK_C
ACC01115,P01000,wallet,BANK_A
ACC01116,P00110,savings,BANK_D
ACC01117,P00369,savings,BANK_C
ACC01118,P00743,current,BANK_C
ACC01119,P00529,savings,BANK_A
ACC01120,P00876,wallet,BANK_A
ACC01121,P00191,wallet,BANK_B
ACC01122,P00136,savings,BANK_D
ACC01123,P00391,savings,BANK_C
ACC01124,P00204,current,BANK_C
ACC01125,P00832,current,BANK_B
ACC01126,P00014,wallet,BANK_B
ACC01127,P00652,wallet,BANK_B
ACC01128,P00924,wallet,BANK_B
ACC01129,P00531,savings,BANK_A
ACC01130,P00679,current,BANK_C
ACC01131,P00898,wallet,BANK_B
ACC01132,P00140,current,BANK_D
ACC01133,P00404,wallet,BANK_D
ACC01134,P00942,savings,BANK_C
ACC01135,P00308,savings,BANK_A
ACC01136,P00501,savings,BANK_B
ACC01137,P00349,savings,BANK_D
ACC01138,P00951,wallet,BANK_C
ACC01139,P00702,wallet,BANK_A
ACC01140,P00180,savings,BANK_A
ACC01141,P00471,savings,BANK_C
ACC01142,P00192,savings,BANK_B
ACC01143,P00751,current,BANK_A
ACC01144,P00419,current,BANK_C
ACC01145,P00712,current,BANK_B
ACC01146,P00346,current,BANK_C
ACC01147,P00480,wallet,BANK_B
ACC01148,P00700,savings,BANK_C
ACC01149,P00703,current,BANK_A
ACC01150,P00721,wallet,BANK_C
ACC01151,P00108,current,BANK_C
ACC01152,P00277,wallet,BANK_B
ACC01153,P00355,savings,BANK_C
ACC01154,P00451,wallet,BANK_C
ACC01155,P00173,current,BANK_D
ACC01156,P00006,current,BANK_D
ACC01157,P00015,savings,BANK_B
ACC01158,P00717,current,BANK_C
ACC01159,P00375,current,BANK_A
ACC01160,P00610,savings,BANK_A
ACC01161,P00890,current,BANK_B
ACC01162,P00126,savings,BANK_A
ACC01163,P00531,savings,BANK_B
ACC01164,P00295,current,BANK_D
ACC01165,P00475,savings,BANK_D
ACC01166,P00794,savings,BANK_D
ACC01167,P00057,savings,BANK_D
ACC01168,P00160,wallet,BANK_C
ACC01169,P00988,current,BANK_B
ACC01170,P00676,savings,BANK_D
ACC01171,P00694,savings,BANK_A
ACC01172,P00793,savings,BANK_A
ACC01173,P00591,current,BANK_C
ACC01174,P00800,savings,BANK_D
ACC01175,P00117,wallet,BANK_D
ACC01176,P00707,wallet,BANK_D
ACC01177,P00717,wallet,BANK_A
ACC01178,P00853,current,BANK_B
ACC01179,P00442,wallet,BANK_D
ACC01180,P00514,savings,BANK_B
ACC01181,P00473,wallet,BANK_C
ACC01182,P00305,savings,BANK_C
ACC01183,P00030,current,BANK_C
ACC01184,P00512,wallet,BANK_C
ACC01185,P00002,savings,BANK_B
ACC01186,P00720,current,BANK_C
ACC01187,P00758,current,BANK_C
ACC01188,P00885,current,BANK_B
ACC01189,P00850,wallet,BANK_B
ACC01190,P00183,current,BANK_A
ACC01191,P00850,current,BANK_B
ACC01192,P00839,current,BANK_A
ACC01193,P00132,wallet,BANK_B
ACC01194,P00494,savings,BANK_B
ACC01195,P00627,savings,BANK_C
ACC01196,P00659,savings,BANK_B
ACC01197,P00971,current,BANK_B
ACC01198,P00110,savings,BANK_D
ACC01199,P00047,wallet,BANK_D
ACC01200,P00861,savings,BANK_B
