phone_id,owner_person_id,number_token,carrier
PH00001,P00391,NUM_00001,B
PH00002,P00683,NUM_00002,A
PH00003,P00619,NUM_00003,A
PH00004,P00075,NUM_00004,D
PH00005,P00355,NUM_00005,A
PH00006,P00432,NUM_00006,D
PH00007,P00469,NUM_00007,C
PH00008,P00052,NUM_00008,A
PH00009,P00189,NUM_00009,C
PH00010,P00798,NUM_00010,B
PH00011,P00139,NUM_00011,B
PH00012,P00437,NUM_00012,B
PH00013,P00441,NUM_00013,D
PH00014,P00003,NUM_00014,A
PH00015,P00476,NUM_00015,D
PH00016,P00236,NUM_00016,C
PH00017,P00635,NUM_00017,A
PH00018,P00673,NUM_00018,A
PH00019,P00470,NUM_00019,D
PH00020,P00961,NUM_00020,A
PH00021,P00855,NUM_00021,C
PH00022,P00696,NUM_00022,C
PH00023,P00888,NUM_00023,D
PH00024,P00084,NUM_00024,B
PH00025,P00603,NUM_00025,D
PH00026,P00569,NUM_00026,A
PH00027,P00062,NUM_00027,C
PH00028,P00889,NUM_00028,C
PH00029,P00840,NUM_00029,A
PH00030,P00825,NUM_00030,B
PH00031,P00344,NUM_00031,B
PH00032,P00276,NUM_00032,B
PH00033,P00386,NUM_00033,D
PH00034,P00510,NUM_00034,C
PH00035,P00539,NUM_00035,A
PH00036,P00781,NUM_00036,B
PH00037,P00175,NUM_00037,C
PH00038,P00640,NUM_00038,D
PH00039,P00259,NUM_00039,A
PH00040,P00381,NUM_00040,C
PH00041,P00002,NUM_00041,B
PH00042,P00728,NUM_00042,B
PH00043,P00519,NUM_00043,A
PH00044,P00019,NUM_00044,C
PH00045,P00310,NUM_00045,C
PH00046,P00361,NUM_00046,A
PH00047,P00872,NUM_00047,A
PH00048,P00564,NUM_00048,D
PH00049,P00587,NUM_00049,C
PH00050,P00425,NUM_00050,B
PH00051,P00384,NUM_00051,B
PH00052,P00841,NUM_00052,A
PH00053,P00620,NUM_00053,C
PH00054,P00039,NUM_00054,D
PH00055,P00711,NUM_00055,D
PH00056,P00962,NUM_00056,D
PH00057,P00843,NUM_00057,B
PH00058,P00891,NUM_00058,A
PH00059,P00912,NUM_00059,B
PH00060,P00499,NUM_00060,A
PH00061,P00766,NUM_00061,D
PH00062,P00670,NUM_00062,B
PH00063,P00685,NUM_00063,B
PH00064,P00787,NUM_00064,D
PH00065,P00398,NUM_00065,D
PH00066,P00919,NUM_00066,D
PH00067,P00168,NUM_00067,C
PH00068,P00983,NUM_00068,A
PH00069,P00836,NUM_00069,B
PH00070,P00784,NUM_00070,D
PH00071,P00297,NUM_00071,A
PH00072,P00266,NUM_00072,A
PH00073,P00509,NUM_00073,B
PH00074,P00061,NUM_00074,B
PH00075,P00702,NUM_00075,C
PH00076,P00056,NUM_00076,D
PH00077,P00735,NUM_00077,D
PH00078,P00800,NUM_00078,B
PH00079,P00948,NUM_00079,A
PH00080,P00916,NUM_00080,D
PH00081,P00910,NUM_00081,D
PH00082,P00260,NUM_00082,B
PH00083,P00055,NUM_00083,D
PH00084,P00833,NUM_00084,C
PH00085,P00789,NUM_00085,C
PH00086,P00542,NUM_00086,B
PH00087,P00449,NUM_00087,B
PH00088,P00208,NUM_00088,B
PH00089,P00816,NUM_00089,C
PH00090,P00846,NUM_00090,C
PH00091,P00348,NUM_00091,D
PH00092,P00994,NUM_00092,B
PH00093,P00907,NUM_00093,B
PH00094,P00497,NUM_00094,A
PH00095,P00669,NUM_00095,A
PH00096,P00824,NUM_00096,D
PH00097,P00141,NUM_00097,D
PH00098,P00133,NUM_00098,D
PH00099,P00687,NUM_00099,B
PH00100,P00081,NUM_00100,D
PH00101,P00187,NUM_00101,A
PH00102,P00538,NUM_00102,D
PH00103,P00904,NUM_00103,A
PH00104,P00935,NUM_00104,A
PH00105,P00279,NUM_00105,A
PH00106,P00779,NUM_00106,D
PH00107,P00698,NUM_00107,A
PH00108,P00899,NUM_00108,D
PH00109,P00535,NUM_00109,A
PH00110,P00523,NUM_00110,B
PH00111,P00777,NUM_00111,D
PH00112,P00532,NUM_00112,A
PH00113,P00200,NUM_00113,D
PH00114,P00309,NUM_00114,A
PH00115,P00170,NUM_00115,A
PH00116,P00035,NUM_00116,C
PH00117,P00717,NUM_00117,B
PH00118,P00918,NUM_00118,D
PH00119,P00950,NUM_00119,A
PH00120,P00360,NUM_00120,D
PH00121,P00142,NUM_00121,C
PH00122,P00590,NUM_00122,B
PH00123,P00171,NUM_00123,B
PH00124,P00583,NUM_00124,C
PH00125,P00134,NUM_00125,B
PH00126,P00878,NUM_00126,A
PH00127,P00192,NUM_00127,C
PH00128,P00189,NUM_00128,C
PH00129,P00215,NUM_00129,C
PH00130,P00181,NUM_00130,C
PH00131,P00199,NUM_00131,A
PH00132,P00679,NUM_00132,C
PH00133,P00300,NUM_00133,C
PH00134,P00333,NUM_00134,C
PH00135,P00852,NUM_00135,D
PH00136,P00859,NUM_00136,B
PH00137,P00182,NUM_00137,A
PH00138,P00982,NUM_00138,B
PH00139,P00433,NUM_00139,B
PH00140,P00799,NUM_00140,C
PH00141,P00347,NUM_00141,A
PH00142,P00135,NUM_00142,A
PH00143,P00328,NUM_00143,A
PH00144,P00414,NUM_00144,A
PH00145,P00944,NUM_00145,C
PH00146,P00534,NUM_00146,B
PH00147,P00394,NUM_00147,B
PH00148,P00070,NUM_00148,A
PH00149,P00392,NUM_00149,C
PH00150,P00264,NUM_00150,C
PH00151,P00334,NUM_00151,D
PH00152,P00524,NUM_00152,D
PH00153,P00059,NUM_00153,C
PH00154,P00392,NUM_00154,C
PH00155,P00675,NUM_00155,B
PH00156,P00895,NUM_00156,B
PH00157,P00091,NUM_00157,B
PH00158,P00404,NUM_00158,B
PH00159,P00549,NUM_00159,C
PH00160,P00037,NUM_00160,D
PH00161,P00476,NUM_00161,C
PH00162,P00956,NUM_00162,C
PH00163,P00998,NUM_00163,B
PH00164,P00963,NUM_00164,D
PH00165,P00809,NUM_00165,B
PH00166,P00586,NUM_00166,D
PH00167,P00163,NUM_00167,A
PH00168,P00160,NUM_00168,C
PH00169,P00970,NUM_00169,A
PH00170,P00892,NUM_00170,A
PH00171,P00609,NUM_00171,C
PH00172,P00472,NUM_00172,B
PH00173,P00531,NUM_00173,D
PH00174,P00454,NUM_00174,A
PH00175,P00293,NUM_00175,C
PH00176,P00519,NUM_00176,D
PH00177,P00260,NUM_00177,A
PH00178,P00610,NUM_00178,D
PH00179,P00748,NUM_00179,D
PH00180,P00618,NUM_00180,C
PH00181,P00092,NUM_00181,B
PH00182,P00686,NUM_00182,C
PH00183,P00595,NUM_00183,A
PH00184,P00810,NUM_00184,B
PH00185,P00411,NUM_00185,C
PH00186,P00967,NUM_00186,B
PH00187,P00096,NUM_00187,B
PH00188,P00235,NUM_00188,B
PH00189,P00928,NUM_00189,B
PH00190,P00785,NUM_00190,C
PH00191,P00130,NUM_00191,B
PH00192,P00190,NUM_00192,B
PH00193,P00765,NUM_00193,B
PH00194,P00550,NUM_00194,C
PH00195,P00572,NUM_00195,C
PH00196,P00350,NUM_00196,D
PH00197,P00136,NUM_00197,D
PH00198,P00810,NUM_00198,A
PH00199,P00079,NUM_00199,C
PH00200,P00149,NUM_00200,B
PH00201,P00354,NUM_00201,B
PH00202,P00624,NUM_00202,C
PH00203,P00073,NUM_00203,A
PH00204,P00004,NUM_00204,C
PH00205,P00074,NUM_00205,D
PH00206,P00072,NUM_00206,C
PH00207,P00085,NUM_00207,C
PH00208,P00307,NUM_00208,B
PH00209,P00543,NUM_00209,A
PH00210,P00292,NUM_00210,A
PH00211,P00280,NUM_00211,C
PH00212,P00276,NUM_00212,D
PH00213,P00166,NUM_00213,C
PH00214,P00466,NUM_00214,B
PH00215,P00710,NUM_00215,B
PH00216,P00143,NUM_00216,C
PH00217,P00999,NUM_00217,B
PH00218,P00544,NUM_00218,C
PH00219,P00976,NUM_00219,A
PH00220,P00110,NUM_00220,C
PH00221,P00746,NUM_00221,A
PH00222,P00999,NUM_00222,C
PH00223,P00897,NUM_00223,B
PH00224,P00455,NUM_00224,B
PH00225,P00452,NUM_00225,C
PH00226,P00805,NUM_00226,D
PH00227,P00952,NUM_00227,D
PH00228,P00766,NUM_00228,A
PH00229,P00709,NUM_00229,A
PH00230,P00936,NUM_00230,C
PH00231,P00937,NUM_00231,C
PH00232,P00305,NUM_00232,D
PH00233,P00382,NUM_00233,B
PH00234,P00165,NUM_00234,D
PH00235,P00083,NUM_00235,C
PH00236,P00064,NUM_00236,A
PH00237,P00767,NUM_00237,A
PH00238,P00632,NUM_00238,D
PH00239,P00415,NUM_00239,D
PH00240,P00006,NUM_00240,D
PH00241,P00808,NUM_00241,C
PH00242,P00581,NUM_00242,A
PH00243,P00921,NUM_00243,B
PH00244,P00650,NUM_00244,D
PH00245,P00419,NUM_00245,D
PH00246,P00995,NUM_00246,C
PH00247,P00330,NUM_00247,A
PH00248,P00068,NUM_00248,A
PH00249,P00955,NUM_00249,A
PH00250,P00561,NUM_00250,A
PH00251,P00974,NUM_00251,D
PH00252,P00660,NUM_00252,B
PH00253,P00573,NUM_00253,C
PH00254,P00220,NUM_00254,C
PH00255,P00058,NUM_00255,D
PH00256,P00613,NUM_00256,D
PH00257,P00140,NUM_00257,C
PH00258,P00154,NUM_00258,D
PH00259,P00196,NUM_00259,A
PH00260,P00409,NUM_00260,C
PH00261,P00193,NUM_00261,C
PH00262,P00922,NUM_00262,B
PH00263,P00744,NUM_00263,A
PH00264,P00684,NUM_00264,C
PH00265,P00112,NUM_00265,A
PH00266,P00345,NUM_00266,C
PH00267,P00764,NUM_00267,D
PH00268,P00161,NUM_00268,C
PH00269,P00708,NUM_00269,A
PH00270,P00964,NUM_00270,C
PH00271,P00254,NUM_00271,A
PH00272,P00877,NUM_00272,B
PH00273,P00593,NUM_00273,D
PH00274,P00734,NUM_00274,C
PH00275,P00153,NUM_00275,B
PH00276,P00273,NUM_00276,B
PH00277,P00413,NUM_00277,D
PH00278,P00728,NUM_00278,D
PH00279,P00079,NUM_00279,A
PH00280,P00638,NUM_00280,A
PH00281,P00289,NUM_00281,A
PH00282,P00543,NUM_00282,A
PH00283,P00783,NUM_00283,D
PH00284,P00547,NUM_00284,C
PH00285,P00012,NUM_00285,B
PH00286,P00972,NUM_00286,A
PH00287,P00696,NUM_00287,A
PH00288,P00010,NUM_00288,C
PH00289,P00018,NUM_00289,C
PH00290,P00069,NUM_00290,C
PH00291,P00460,NUM_00291,C
PH00292,P00047,NUM_00292,C
PH00293,P00522,NUM_00293,C
PH00294,P00617,NUM_00294,C
PH00295,P00861,NUM_00295,B
PH00296,P00099,NUM_00296,B
PH00297,P00577,NUM_00297,C
PH00298,P00768,NUM_00298,B
PH00299,P00270,NUM_00299,B
PH00300,P00373,NUM_00300,C
PH00301,P00100,NUM_00301,A
PH00302,P00608,NUM_00302,C
PH00303,P00993,NUM_00303,B
PH00304,P00157,NUM_00304,B
PH00305,P00817,NUM_00305,C
PH00306,P00305,NUM_00306,C
PH00307,P00173,NUM_00307,A
PH00308,P00598,NUM_00308,C
PH00309,P00148,NUM_00309,A
PH00310,P00671,NUM_00310,B
PH00311,P00342,NUM_00311,A
PH00312,P00210,NUM_00312,A
PH00313,P00759,NUM_00313,D
PH00314,P00318,NUM_00314,A
PH00315,P00903,NUM_00315,A
PH00316,P00582,NUM_00316,A
PH00317,P00564,NUM_00317,B
PH00318,P00512,NUM_00318,D
PH00319,P00581,NUM_00319,C
PH00320,P00184,NUM_00320,C
PH00321,P00773,NUM_00321,C
PH00322,P00997,NUM_00322,D
PH00323,P00713,NUM_00323,D
PH00324,P00226,NUM_00324,A
PH00325,P00990,NUM_00325,C
PH00326,P00146,NUM_00326,A
PH00327,P00893,NUM_00327,C
PH00328,P00685,NUM_00328,B
PH00329,P00739,NUM_00329,C
PH00330,P00533,NUM_00330,B
PH00331,P00462,NUM_00331,D
PH00332,P00464,NUM_00332,B
PH00333,P00701,NUM_00333,C
PH00334,P00156,NUM_00334,A
PH00335,P00186,NUM_00335,B
PH00336,P00412,NUM_00336,B
PH00337,P00847,NUM_00337,C
PH00338,P00029,NUM_00338,B
PH00339,P00738,NUM_00339,D
PH00340,P00939,NUM_00340,D
PH00341,P00326,NUM_00341,C
PH00342,P00676,NUM_00342,D
PH00343,P00695,NUM_00343,A
PH00344,P00727,NUM_00344,A
PH00345,P00885,NUM_00345,C
PH00346,P00996,NUM_00346,C
PH00347,P00809,NUM_00347,A
PH00348,P00574,NUM_00348,A
PH00349,P00375,NUM_00349,C
PH00350,P00672,NUM_00350,A
PH00351,P00947,NUM_00351,B
PH00352,P00722,NUM_00352,B
PH00353,P00335,NUM_00353,A
PH00354,P00786,NUM_00354,D
PH00355,P00677,NUM_00355,D
PH00356,P00009,NUM_00356,A
PH00357,P00726,NUM_00357,A
PH00358,P00915,NUM_00358,C
PH00359,P00849,NUM_00359,B
PH00360,P00527,NUM_00360,B
PH00361,P00457,NUM_00361,C
PH00362,P00417,NUM_00362,D
PH00363,P00627,NUM_00363,D
PH00364,P00676,NUM_00364,A
PH00365,P00587,NUM_00365,A
PH00366,P00865,NUM_00366,A
PH00367,P00330,NUM_00367,C
PH00368,P00440,NUM_00368,B
PH00369,P00321,NUM_00369,D
PH00370,P00389,NUM_00370,D
PH00371,P00257,NUM_00371,C
PH00372,P00356,NUM_00372,A
PH00373,P00742,NUM_00373,D
PH00374,P00992,NUM_00374,C
PH00375,P00031,NUM_00375,A
PH00376,P00555,NUM_00376,D
PH00377,P00126,NUM_00377,D
PH00378,P00813,NUM_00378,D
PH00379,P00772,NUM_00379,A
PH00380,P00089,NUM_00380,D
PH00381,P00758,NUM_00381,C
PH00382,P00920,NUM_00382,B
PH00383,P00871,NUM_00383,B
PH00384,P00229,NUM_00384,A
PH00385,P00401,NUM_00385,A
PH00386,P00363,NUM_00386,A
PH00387,P00303,NUM_00387,A
PH00388,P00801,NUM_00388,B
PH00389,P00678,NUM_00389,D
PH00390,P00430,NUM_00390,A
PH00391,P00795,NUM_00391,C
PH00392,P00147,NUM_00392,D
PH00393,P00051,NUM_00393,B
PH00394,P00802,NUM_00394,B
PH00395,P00706,NUM_00395,C
PH00396,P00269,NUM_00396,B
PH00397,P00651,NUM_00397,B
PH00398,P00657,NUM_00398,A
PH00399,P00577,NUM_00399,D
PH00400,P00507,NUM_00400,D
PH00401,P00883,NUM_00401,B
PH00402,P00429,NUM_00402,C
PH00403,P00119,NUM_00403,A
PH00404,P00256,NUM_00404,A
PH00405,P00513,NUM_00405,D
PH00406,P00272,NUM_00406,D
PH00407,P00295,NUM_00407,D
PH00408,P00934,NUM_00408,C
PH00409,P00246,NUM_00409,B
PH00410,P00443,NUM_00410,B
PH00411,P00212,NUM_00411,A
PH00412,P00189,NUM_00412,B
PH00413,P00766,NUM_00413,C
PH00414,P00797,NUM_00414,A
PH00415,P00094,NUM_00415,B
PH00416,P00105,NUM_00416,A
PH00417,P00523,NUM_00417,C
PH00418,P00371,NUM_00418,A
PH00419,P00793,NUM_00419,D
PH00420,P00853,NUM_00420,C
PH00421,P00953,NUM_00421,C
PH00422,P00025,NUM_00422,A
PH00423,P00492,NUM_00423,B
PH00424,P00655,NUM_00424,B
PH00425,P00520,NUM_00425,B
PH00426,P00331,NUM_00426,D
PH00427,P00456,NUM_00427,B
PH00428,P00289,NUM_00428,B
PH00429,P00496,NUM_00429,B
PH00430,P00049,NUM_00430,D
PH00431,P00771,NUM_00431,C
PH00432,P00304,NUM_00432,B
PH00433,P00873,NUM_00433,C
PH00434,P00346,NUM_00434,A
PH00435,P00896,NUM_00435,B
PH00436,P00756,NUM_00436,B
PH00437,P00653,NUM_00437,B
PH00438,P00562,NUM_00438,B
PH00439,P00822,NUM_00439,C
PH00440,P00284,NUM_00440,D
PH00441,P00057,NUM_00441,C
PH00442,P00776,NUM_00442,C
PH00443,P00875,NUM_00443,A
PH00444,P00659,NUM_00444,B
PH00445,P00484,NUM_00445,C
PH00446,P00288,NUM_00446,C
PH00447,P00835,NUM_00447,A
PH00448,P00408,NUM_00448,D
PH00449,P00559,NUM_00449,D
PH00450,P00174,NUM_00450,A
PH00451,P00217,NUM_00451,A
PH00452,P00881,NUM_00452,B
PH00453,P00731,NUM_00453,D
PH00454,P00074,NUM_00454,A
PH00455,P00976,NUM_00455,A
PH00456,P00977,NUM_00456,B
PH00457,P00416,NUM_00457,A
PH00458,P00642,NUM_00458,C
PH00459,P00426,NUM_00459,D
PH00460,P00410,NUM_00460,C
PH00461,P00024,NUM_00461,D
PH00462,P00234,NUM_00462,C
PH00463,P00927,NUM_00463,B
PH00464,P00612,NUM_00464,B
PH00465,P00879,NUM_00465,A
PH00466,P00518,NUM_00466,A
PH00467,P00528,NUM_00467,B
PH00468,P00770,NUM_00468,C
PH00469,P00814,NUM_00469,C
PH00470,P00940,NUM_00470,A
PH00471,P00491,NUM_00471,A
PH00472,P00951,NUM_00472,B
PH00473,P00001,NUM_00473,A
PH00474,P00022,NUM_00474,B
PH00475,P00560,NUM_00475,B
PH00476,P00689,NUM_00476,A
PH00477,P00139,NUM_00477,B
PH00478,P00401,NUM_00478,C
PH00479,P00446,NUM_00479,C
PH00480,P00626,NUM_00480,B
PH00481,P00873,NUM_00481,B
PH00482,P00195,NUM_00482,A
PH00483,P00925,NUM_00483,C
PH00484,P00715,NUM_00484,C
PH00485,P00434,NUM_00485,A
PH00486,P00818,NUM_00486,A
PH00487,P00942,NUM_00487,B
PH00488,P00774,NUM_00488,A
PH00489,P00975,NUM_00489,D
PH00490,P00537,NUM_00490,A
PH00491,P00503,NUM_00491,C
PH00492,P00511,NUM_00492,D
PH00493,P00175,NUM_00493,A
PH00494,P00214,NUM_00494,D
PH00495,P00790,NUM_00495,B
PH00496,P00750,NUM_00496,C
PH00497,P00468,NUM_00497,D
PH00498,P00568,NUM_00498,B
PH00499,P00902,NUM_00499,D
PH00500,P00197,NUM_00500,B
PH00501,P00688,NUM_00501,A
PH00502,P00545,NUM_00502,B
PH00503,P00490,NUM_00503,B
PH00504,P00526,NUM_00504,A
PH00505,P00140,NUM_00505,B
PH00506,P00314,NUM_00506,C
PH00507,P00987,NUM_00507,A
PH00508,P00782,NUM_00508,D
PH00509,P00427,NUM_00509,C
PH00510,P00431,NUM_00510,C
PH00511,P00329,NUM_00511,B
PH00512,P00958,NUM_00512,C
PH00513,P00547,NUM_00513,C
PH00514,P00763,NUM_00514,A
PH00515,P00863,NUM_00515,D
PH00516,P00670,NUM_00516,D
PH00517,P00167,NUM_00517,D
PH00518,P00636,NUM_00518,A
PH00519,P00099,NUM_00519,C
PH00520,P00474,NUM_00520,A
PH00521,P00271,NUM_00521,A
PH00522,P00132,NUM_00522,A
PH00523,P00479,NUM_00523,A
PH00524,P00704,NUM_00524,B
PH00525,P00594,NUM_00525,C
PH00526,P00649,NUM_00526,D
PH00527,P00194,NUM_00527,D
PH00528,P00108,NUM_00528,A
PH00529,P00576,NUM_00529,A
PH00530,P00445,NUM_00530,C
PH00531,P00827,NUM_00531,C
PH00532,P00274,NUM_00532,D
PH00533,P00973,NUM_00533,A
PH00534,P00572,NUM_00534,A
PH00535,P00579,NUM_00535,C
PH00536,P00762,NUM_00536,C
PH00537,P00424,NUM_00537,B
PH00538,P00307,NUM_00538,C
PH00539,P00241,NUM_00539,B
PH00540,P00111,NUM_00540,B
PH00541,P00690,NUM_00541,C
PH00542,P00495,NUM_00542,D
PH00543,P00525,NUM_00543,B
PH00544,P00842,NUM_00544,A
PH00545,P00053,NUM_00545,D
PH00546,P00129,NUM_00546,B
PH00547,P00448,NUM_00547,B
PH00548,P00752,NUM_00548,C
PH00549,P00336,NUM_00549,A
PH00550,P00873,NUM_00550,D
PH00551,P00064,NUM_00551,C
PH00552,P00055,NUM_00552,A
PH00553,P00640,NUM_00553,C
PH00554,P00647,NUM_00554,A
PH00555,P00420,NUM_00555,D
PH00556,P00209,NUM_00556,A
PH00557,P00962,NUM_00557,C
PH00558,P00778,NUM_00558,A
PH00559,P00600,NUM_00559,A
PH00560,P00050,NUM_00560,A
PH00561,P00044,NUM_00561,B
PH00562,P00740,NUM_00562,A
PH00563,P00634,NUM_00563,D
PH00564,P00131,NUM_00564,B
PH00565,P00023,NUM_00565,A
PH00566,P00099,NUM_00566,C
PH00567,P00203,NUM_00567,D
PH00568,P00661,NUM_00568,A
PH00569,P00162,NUM_00569,D
PH00570,P00169,NUM_00570,C
PH00571,P01000,NUM_00571,B
PH00572,P00680,NUM_00572,D
PH00573,P00700,NUM_00573,C
PH00574,P00013,NUM_00574,B
PH00575,P00625,NUM_00575,C
PH00576,P00183,NUM_00576,D
PH00577,P00463,NUM_00577,A
PH00578,P00989,NUM_00578,A
PH00579,P00906,NUM_00579,D
PH00580,P00320,NUM_00580,C
PH00581,P00854,NUM_00581,D
PH00582,P00551,NUM_00582,A
PH00583,P00727,NUM_00583,B
PH00584,P00159,NUM_00584,A
PH00585,P00245,NUM_00585,C
PH00586,P00644,NUM_00586,A
PH00587,P00498,NUM_00587,A
PH00588,P00390,NUM_00588,B
PH00589,P00373,NUM_00589,D
PH00590,P00901,NUM_00590,B
PH00591,P00223,NUM_00591,A
PH00592,P00244,NUM_00592,B
PH00593,P00749,NUM_00593,B
PH00594,P00779,NUM_00594,A
PH00595,P00588,NUM_00595,D
PH00596,P00707,NUM_00596,A
PH00597,P00369,NUM_00597,A
PH00598,P00850,NUM_00598,B
PH00599,P00716,NUM_00599,B
PH00600,P00720,NUM_00600,D
PH00601,P00633,NUM_00601,C
PH00602,P00694,NUM_00602,D
PH00603,P00180,NUM_00603,B
PH00604,P00122,NUM_00604,B
PH00605,P00775,NUM_00605,D
PH00606,P00158,NUM_00606,B
PH00607,P00478,NUM_00607,D
PH00608,P00077,NUM_00608,B
PH00609,P00541,NUM_00609,D
PH00610,P00882,NUM_00610,A
PH00611,P00691,NUM_00611,D
PH00612,P00724,NUM_00612,A
PH00613,P00331,NUM_00613,C
PH00614,P00514,NUM_00614,C
PH00615,P00322,NUM_00615,A
PH00616,P00761,NUM_00616,C
PH00617,P00008,NUM_00617,A
PH00618,P00201,NUM_00618,A
PH00619,P00044,NUM_00619,D
PH00620,P00232,NUM_00620,D
PH00621,P00745,NUM_00621,B
PH00622,P00107,NUM_00622,A
PH00623,P00715,NUM_00623,B
PH00624,P00911,NUM_00624,A
PH00625,P00566,NUM_00625,C
PH00626,P00652,NUM_00626,A
PH00627,P00858,NUM_00627,C
PH00628,P00438,NUM_00628,B
PH00629,P00597,NUM_00629,A
PH00630,P00267,NUM_00630,B
PH00631,P00123,NUM_00631,D
PH00632,P00179,NUM_00632,D
PH00633,P00737,NUM_00633,D
PH00634,P00611,NUM_00634,A
PH00635,P00732,NUM_00635,A
PH00636,P00980,NUM_00636,D
PH00637,P00991,NUM_00637,B
PH00638,P00856,NUM_00638,A
PH00639,P00582,NUM_00639,B
PH00640,P00065,NUM_00640,A
PH00641,P00960,NUM_00641,A
PH00642,P00910,NUM_00642,A
PH00643,P00211,NUM_00643,A
PH00644,P00777,NUM_00644,C
PH00645,P00857,NUM_00645,C
PH00646,P00703,NUM_00646,C
PH00647,P00216,NUM_00647,A
PH00648,P00894,NUM_00648,B
PH00649,P00794,NUM_00649,B
PH00650,P00224,NUM_00650,C
PH00651,P00312,NUM_00651,D
PH00652,P00829,NUM_00652,A
PH00653,P00088,NUM_00653,A
PH00654,P00054,NUM_00654,C
PH00655,P00969,NUM_00655,D
PH00656,P00934,NUM_00656,B
PH00657,P00268,NUM_00657,A
PH00658,P00575,NUM_00658,D
PH00659,P00945,NUM_00659,A
PH00660,P00417,NUM_00660,D
PH00661,P00721,NUM_00661,C
PH00662,P00378,NUM_00662,D
PH00663,P00412,NUM_00663,B
PH00664,P00938,NUM_00664,C
PH00665,P00628,NUM_00665,D
PH00666,P00505,NUM_00666,A
PH00667,P00231,NUM_00667,B
PH00668,P00577,NUM_00668,B
PH00669,P00482,NUM_00669,A
PH00670,P00891,NUM_00670,B
PH00671,P00774,NUM_00671,A
PH00672,P00643,NUM_00672,C
PH00673,P00623,NUM_00673,A
PH00674,P00422,NUM_00674,C
PH00675,P00300,NUM_00675,B
PH00676,P00788,NUM_00676,B
PH00677,P00197,NUM_00677,C
PH00678,P00374,NUM_00678,D
PH00679,P00832,NUM_00679,D
PH00680,P00185,NUM_00680,D
PH00681,P00406,NUM_00681,A
PH00682,P00327,NUM_00682,B
PH00683,P00780,NUM_00683,D
PH00684,P00376,NUM_00684,C
PH00685,P00514,NUM_00685,D
PH00686,P00383,NUM_00686,A
PH00687,P00988,NUM_00687,A
PH00688,P00615,NUM_00688,D
PH00689,P00263,NUM_00689,A
PH00690,P00602,NUM_00690,C
PH00691,P00109,NUM_00691,B
PH00692,P00104,NUM_00692,D
PH00693,P00880,NUM_00693,B
PH00694,P00296,NUM_00694,C
PH00695,P00043,NUM_00695,A
PH00696,P00656,NUM_00696,A
PH00697,P00237,NUM_00697,B
PH00698,P00985,NUM_00698,C
PH00699,P00899,NUM_00699,D
PH00700,P00011,NUM_00700,A
PH00701,P00851,NUM_00701,D
PH00702,P00952,NUM_00702,B
PH00703,P00606,NUM_00703,A
PH00704,P00494,NUM_00704,A
PH00705,P00227,NUM_00705,D
PH00706,P00596,NUM_00706,B
PH00707,P00101,NUM_00707,D
PH00708,P00712,NUM_00708,B
PH00709,P00646,NUM_00709,C
PH00710,P00118,NUM_00710,C
PH00711,P00343,NUM_00711,C
PH00712,P00978,NUM_00712,B
PH00713,P00807,NUM_00713,A
PH00714,P00402,NUM_00714,D
PH00715,P00224,NUM_00715,C
PH00716,P00827,NUM_00716,D
PH00717,P00558,NUM_00717,A
PH00718,P00675,NUM_00718,C
PH00719,P00727,NUM_00719,D
PH00720,P00364,NUM_00720,A
PH00721,P00839,NUM_00721,B
PH00722,P00601,NUM_00722,A
PH00723,P00658,NUM_00723,B
PH00724,P00862,NUM_00724,C
PH00725,P00144,NUM_00725,A
PH00726,P00931,NUM_00726,C
PH00727,P00821,NUM_00727,C
PH00728,P00291,NUM_00728,B
PH00729,P00634,NUM_00729,C
PH00730,P00751,NUM_00730,C
PH00731,P00291,NUM_00731,B
PH00732,P00366,NUM_00732,A
PH00733,P00164,NUM_00733,B
PH00734,P00561,NUM_00734,B
PH00735,P00078,NUM_00735,D
PH00736,P00667,NUM_00736,D
PH00737,P00332,NUM_00737,B
PH00738,P00193,NUM_00738,A
PH00739,P00120,NUM_00739,B
PH00740,P00845,NUM_00740,D
PH00741,P00812,NUM_00741,D
PH00742,P00605,NUM_00742,A
PH00743,P00252,NUM_00743,B
PH00744,P00032,NUM_00744,B
PH00745,P00335,NUM_00745,C
PH00746,P00225,NUM_00746,D
PH00747,P00697,NUM_00747,B
PH00748,P00557,NUM_00748,C
PH00749,P00097,NUM_00749,C
PH00750,P00239,NUM_00750,A
PH00751,P00508,NUM_00751,A
PH00752,P00917,NUM_00752,C
PH00753,P00090,NUM_00753,C
PH00754,P00098,NUM_00754,A
PH00755,P00299,NUM_00755,C
PH00756,P00725,NUM_00756,C
PH00757,P00249,NUM_00757,A
PH00758,P00337,NUM_00758,C
PH00759,P00692,NUM_00759,C
PH00760,P00721,NUM_00760,C
PH00761,P00435,NUM_00761,A
PH00762,P00207,NUM_00762,D
PH00763,P00604,NUM_00763,A
PH00764,P00632,NUM_00764,A
PH00765,P00040,NUM_00765,C
PH00766,P00901,NUM_00766,A
PH00767,P00837,NUM_00767,A
PH00768,P00423,NUM_00768,D
PH00769,P00758,NUM_00769,B
PH00770,P00552,NUM_00770,C
PH00771,P00486,NUM_00771,C
PH00772,P00233,NUM_00772,B
PH00773,P00706,NUM_00773,C
PH00774,P00592,NUM_00774,A
PH00775,P00638,NUM_00775,A
PH00776,P00826,NUM_00776,C
PH00777,P00806,NUM_00777,C
PH00778,P00367,NUM_00778,A
PH00779,P00783,NUM_00779,A
PH00780,P00325,NUM_00780,D
PH00781,P00628,NUM_00781,A
PH00782,P00395,NUM_00782,D
PH00783,P00506,NUM_00783,C
PH00784,P00556,NUM_00784,C
PH00785,P00979,NUM_00785,C
PH00786,P00403,NUM_00786,C
PH00787,P00530,NUM_00787,C
PH00788,P00219,NUM_00788,B
PH00789,P00631,NUM_00789,C
PH00790,P00898,NUM_00790,D
PH00791,P00724,NUM_00791,D
PH00792,P00954,NUM_00792,D
PH00793,P00129,NUM_00793,C
PH00794,P00138,NUM_00794,B
PH00795,P00600,NUM_00795,C
PH00796,P00178,NUM_00796,C
PH00797,P00225,NUM_00797,C
PH00798,P00458,NUM_00798,C
PH00799,P00886,NUM_00799,B
PH00800,P00635,NUM_00800,D
PH00801,P00769,NUM_00801,C
PH00802,P00388,NUM_00802,B
PH00803,P00405,NUM_00803,D
PH00804,P00377,NUM_00804,A
PH00805,P00027,NUM_00805,A
PH00806,P00106,NUM_00806,A
PH00807,P00522,NUM_00807,B
PH00808,P00957,NUM_00808,A
PH00809,P00459,NUM_00809,C
PH00810,P00260,NUM_00810,A
PH00811,P00127,NUM_00811,C
PH00812,P00426,NUM_00812,D
PH00813,P00266,NUM_00813,A
PH00814,P00230,NUM_00814,B
PH00815,P00093,NUM_00815,A
PH00816,P00191,NUM_00816,C
PH00817,P00796,NUM_00817,A
PH00818,P00365,NUM_00818,B
PH00819,P00353,NUM_00819,C
PH00820,P00020,NUM_00820,C
PH00821,P00729,NUM_00821,C
PH00822,P00929,NUM_00822,C
PH00823,P00059,NUM_00823,A
PH00824,P00407,NUM_00824,A
PH00825,P00211,NUM_00825,C
PH00826,P00970,NUM_00826,A
PH00827,P00352,NUM_00827,C
PH00828,P00741,NUM_00828,B
PH00829,P00304,NUM_00829,A
PH00830,P00467,NUM_00830,D
PH00831,P00983,NUM_00831,D
PH00832,P00448,NUM_00832,B
PH00833,P00122,NUM_00833,A
PH00834,P00941,NUM_00834,B
PH00835,P00578,NUM_00835,D
PH00836,P00413,NUM_00836,D
PH00837,P00195,NUM_00837,D
PH00838,P00834,NUM_00838,A
PH00839,P00968,NUM_00839,A
PH00840,P00315,NUM_00840,A
PH00841,P00114,NUM_00841,D
PH00842,P00194,NUM_00842,C
PH00843,P00299,NUM_00843,A
PH00844,P00113,NUM_00844,A
PH00845,P00255,NUM_00845,A
PH00846,P00357,NUM_00846,A
PH00847,P00251,NUM_00847,B
PH00848,P00143,NUM_00848,C
PH00849,P00639,NUM_00849,C
PH00850,P00444,NUM_00850,D
PH00851,P00436,NUM_00851,B
PH00852,P00287,NUM_00852,C
PH00853,P00884,NUM_00853,B
PH00854,P00733,NUM_00854,A
PH00855,P00743,NUM_00855,B
PH00856,P00614,NUM_00856,A
PH00857,P00869,NUM_00857,B
PH00858,P00964,NUM_00858,A
PH00859,P00567,NUM_00859,C
PH00860,P00319,NUM_00860,C
PH00861,P00681,NUM_00861,B
PH00862,P00116,NUM_00862,A
PH00863,P00462,NUM_00863,A
PH00864,P00682,NUM_00864,B
PH00865,P00738,NUM_00865,C
PH00866,P00276,NUM_00866,A
PH00867,P00820,NUM_00867,B
PH00868,P00262,NUM_00868,A
PH00869,P00358,NUM_00869,C
PH00870,P00693,NUM_00870,B
PH00871,P00370,NUM_00871,C
PH00872,P00028,NUM_00872,D
PH00873,P00488,NUM_00873,C
PH00874,P00844,NUM_00874,A
PH00875,P00986,NUM_00875,B
PH00876,P00103,NUM_00876,B
PH00877,P00705,NUM_00877,A
PH00878,P00302,NUM_00878,B
PH00879,P00324,NUM_00879,D
PH00880,P00150,NUM_00880,A
PH00881,P00046,NUM_00881,B
PH00882,P00442,NUM_00882,B
PH00883,P00060,NUM_00883,D
PH00884,P00755,NUM_00884,D
PH00885,P00383,NUM_00885,D
PH00886,P00261,NUM_00886,D
PH00887,P00966,NUM_00887,D
PH00888,P00310,NUM_00888,B
PH00889,P00788,NUM_00889,D
PH00890,P00840,NUM_00890,B
PH00891,P00629,NUM_00891,B
PH00892,P00976,NUM_00892,D
PH00893,P00803,NUM_00893,A
PH00894,P00323,NUM_00894,A
PH00895,P00641,NUM_00895,C
PH00896,P00453,NUM_00896,D
PH00897,P00817,NUM_00897,A
PH00898,P00026,NUM_00898,B
PH00899,P00557,NUM_00899,A
PH00900,P00243,NUM_00900,D
PH00901,P00606,NUM_00901,D
PH00902,P00699,NUM_00902,B
PH00903,P00151,NUM_00903,C
PH00904,P00516,NUM_00904,B
PH00905,P00303,NUM_00905,A
PH00906,P00487,NUM_00906,C
PH00907,P00529,NUM_00907,D
PH00908,P00930,NUM_00908,C
PH00909,P00493,NUM_00909,C
PH00910,P00232,NUM_00910,D
PH00911,P00213,NUM_00911,B
PH00912,P00714,NUM_00912,D
PH00913,P00085,NUM_00913,A
PH00914,P00403,NUM_00914,A
PH00915,P00571,NUM_00915,C
PH00916,P00465,NUM_00916,C
PH00917,P00294,NUM_00917,B
PH00918,P00312,NUM_00918,A
PH00919,P00151,NUM_00919,B
PH00920,P00475,NUM_00920,C
PH00921,P00082,NUM_00921,A
PH00922,P00697,NUM_00922,C
PH00923,P00838,NUM_00923,A
PH00924,P00188,NUM_00924,A
PH00925,P00495,NUM_00925,B
PH00926,P00248,NUM_00926,B
PH00927,P00418,NUM_00927,C
PH00928,P00654,NUM_00928,A
PH00929,P00380,NUM_00929,D
PH00930,P00743,NUM_00930,B
PH00931,P00128,NUM_00931,C
PH00932,P00066,NUM_00932,D
PH00933,P00063,NUM_00933,B
PH00934,P00868,NUM_00934,C
PH00935,P00218,NUM_00935,B
PH00936,P00213,NUM_00936,A
PH00937,P00589,NUM_00937,A
PH00938,P00247,NUM_00938,D
PH00939,P00144,NUM_00939,A
PH00940,P00120,NUM_00940,A
PH00941,P00900,NUM_00941,C
PH00942,P00206,NUM_00942,B
PH00943,P00461,NUM_00943,C
PH00944,P00080,NUM_00944,A
PH00945,P00723,NUM_00945,B
PH00946,P00668,NUM_00946,C
PH00947,P00553,NUM_00947,B
PH00948,P00087,NUM_00948,D
PH00949,P00860,NUM_00949,B
PH00950,P00485,NUM_00950,A
PH00951,P00965,NUM_00951,C
PH00952,P00393,NUM_00952,A
PH00953,P00277,NUM_00953,A
PH00954,P00830,NUM_00954,A
PH00955,P00718,NUM_00955,A
PH00956,P00439,NUM_00956,A
PH00957,P00301,NUM_00957,C
PH00958,P00421,NUM_00958,B
PH00959,P00049,NUM_00959,C
PH00960,P00517,NUM_00960,A
PH00961,P00033,NUM_00961,B
PH00962,P00848,NUM_00962,A
PH00963,P00689,NUM_00963,C
PH00964,P00563,NUM_00964,C
PH00965,P00222,NUM_00965,D
PH00966,P00221,NUM_00966,B
PH00967,P00389,NUM_00967,A
PH00968,P00387,NUM_00968,C
PH00969,P00018,NUM_00969,B
PH00970,P00816,NUM_00970,C
PH00971,P00265,NUM_00971,A
PH00972,P00674,NUM_00972,B
PH00973,P00338,NUM_00973,C
PH00974,P00250,NUM_00974,C
PH00975,P00713,NUM_00975,C
PH00976,P00385,NUM_00976,A
PH00977,P00662,NUM_00977,C
PH00978,P00047,NUM_00978,C
PH00979,P00317,NUM_00979,D
PH00980,P00908,NUM_00980,D
PH00981,P00127,NUM_00981,C
PH00982,P00372,NUM_00982,B
PH00983,P00570,NUM_00983,B
PH00984,P00501,NUM_00984,C
PH00985,P00540,NUM_00985,C
PH00986,P00242,NUM_00986,B
PH00987,P00067,NUM_00987,D
PH00988,P00015,NUM_00988,C
PH00989,P00204,NUM_00989,D
PH00990,P00354,NUM_00990,D
PH00991,P00172,NUM_00991,C
PH00992,P00585,NUM_00992,B
PH00993,P00754,NUM_00993,B
PH00994,P00535,NUM_00994,A
PH00995,P00238,NUM_00995,B
PH00996,P00792,NUM_00996,D
PH00997,P00447,NUM_00997,C
PH00998,P00080,NUM_00998,C
PH00999,P00946,NUM_00999,C
PH01000,P00131,NUM_01000,B
PH01001,P00005,NUM_01001,B
PH01002,P00566,NUM_01002,C
PH01003,P00926,NUM_01003,B
PH01004,P00876,NUM_01004,A
PH01005,P00379,NUM_01005,C
PH01006,P00565,NUM_01006,C
PH01007,P00719,NUM_01007,A
PH01008,P00285,NUM_01008,C
PH01009,P00278,NUM_01009,A
PH01010,P00591,NUM_01010,D
PH01011,P00282,NUM_01011,B
PH01012,P00736,NUM_01012,D
PH01013,P00298,NUM_01013,B
PH01014,P00042,NUM_01014,A
PH01015,P00115,NUM_01015,C
PH01016,P00048,NUM_01016,A
PH01017,P00815,NUM_01017,D
PH01018,P00561,NUM_01018,A
PH01019,P00285,NUM_01019,D
PH01020,P00489,NUM_01020,B
PH01021,P00860,NUM_01021,A
PH01022,P00599,NUM_01022,A
PH01023,P00381,NUM_01023,B
PH01024,P00663,NUM_01024,D
PH01025,P00477,NUM_01025,C
PH01026,P00882,NUM_01026,C
PH01027,P00308,NUM_01027,C
PH01028,P00870,NUM_01028,B
PH01029,P00478,NUM_01029,D
PH01030,P00480,NUM_01030,A
PH01031,P00137,NUM_01031,A
PH01032,P00762,NUM_01032,C
PH01033,P00536,NUM_01033,B
PH01034,P00206,NUM_01034,D
PH01035,P00798,NUM_01035,C
PH01036,P00648,NUM_01036,D
PH01037,P00447,NUM_01037,A
PH01038,P00630,NUM_01038,D
PH01039,P00959,NUM_01039,C
PH01040,P00253,NUM_01040,D
PH01041,P00281,NUM_01041,B
PH01042,P00428,NUM_01042,C
PH01043,P00785,NUM_01043,B
PH01044,P00864,NUM_01044,A
PH01045,P00665,NUM_01045,A
PH01046,P00086,NUM_01046,C
PH01047,P00459,NUM_01047,D
PH01048,P00995,NUM_01048,C
PH01049,P00898,NUM_01049,B
PH01050,P00290,NUM_01050,C
PH01051,P00504,NUM_01051,A
PH01052,P00984,NUM_01052,C
PH01053,P00819,NUM_01053,D
PH01054,P00075,NUM_01054,D
PH01055,P00286,NUM_01055,D
PH01056,P00760,NUM_01056,C
PH01057,P00749,NUM_01057,B
PH01058,P00306,NUM_01058,A
PH01059,P00240,NUM_01059,D
PH01060,P00869,NUM_01060,B
PH01061,P00513,NUM_01061,A
PH01062,P00867,NUM_01062,C
PH01063,P00823,NUM_01063,A
PH01064,P00621,NUM_01064,B
PH01065,P00351,NUM_01065,A
PH01066,P00791,NUM_01066,D
PH01067,P00275,NUM_01067,B
PH01068,P00360,NUM_01068,C
PH01069,P00313,NUM_01069,A
PH01070,P00420,NUM_01070,B
PH01071,P00949,NUM_01071,D
PH01072,P00283,NUM_01072,D
PH01073,P00036,NUM_01073,A
PH01074,P00747,NUM_01074,B
PH01075,P00014,NUM_01075,D
PH01076,P00102,NUM_01076,C
PH01077,P00922,NUM_01077,D
PH01078,P00142,NUM_01078,A
PH01079,P00637,NUM_01079,C
PH01080,P00943,NUM_01080,D
PH01081,P00198,NUM_01081,A
PH01082,P00804,NUM_01082,C
PH01083,P00533,NUM_01083,A
PH01084,P00913,NUM_01084,C
PH01085,P00645,NUM_01085,A
PH01086,P00607,NUM_01086,A
PH01087,P00811,NUM_01087,D
PH01088,P00548,NUM_01088,B
PH01089,P00887,NUM_01089,D
PH01090,P00978,NUM_01090,C
PH01091,P00896,NUM_01091,B
PH01092,P00473,NUM_01092,A
PH01093,P00038,NUM_01093,C
PH01094,P00550,NUM_01094,D
PH01095,P00664,NUM_01095,A
PH01096,P00967,NUM_01096,D
PH01097,P00258,NUM_01097,B
PH01098,P00145,NUM_01098,C
PH01099,P00616,NUM_01099,C
PH01100,P00730,NUM_01100,D
PH01101,P00637,NUM_01101,B
PH01102,P00571,NUM_01102,D
PH01103,P00831,NUM_01103,C
PH01104,P00858,NUM_01104,A
PH01105,P00981,NUM_01105,A
PH01106,P00359,NUM_01106,A
PH01107,P00240,NUM_01107,D
PH01108,P00124,NUM_01108,C
PH01109,P00305,NUM_01109,C
PH01110,P00278,NUM_01110,A
PH01111,P00316,NUM_01111,A
PH01112,P00886,NUM_01112,A
PH01113,P00172,NUM_01113,D
PH01114,P00041,NUM_01114,A
PH01115,P00030,NUM_01115,A
PH01116,P00397,NUM_01116,A
PH01117,P00451,NUM_01117,B
PH01118,P00385,NUM_01118,B
PH01119,P00753,NUM_01119,A
PH01120,P00135,NUM_01120,B
PH01121,P00411,NUM_01121,B
PH01122,P00454,NUM_01122,A
PH01123,P00390,NUM_01123,C
PH01124,P00292,NUM_01124,D
PH01125,P00152,NUM_01125,A
PH01126,P00410,NUM_01126,C
PH01127,P00086,NUM_01127,D
PH01128,P00961,NUM_01128,C
PH01129,P00138,NUM_01129,B
PH01130,P00932,NUM_01130,B
PH01131,P00177,NUM_01131,D
PH01132,P00311,NUM_01132,A
PH01133,P00056,NUM_01133,B
PH01134,P00584,NUM_01134,C
PH01135,P00483,NUM_01135,D
PH01136,P00622,NUM_01136,A
PH01137,P00546,NUM_01137,D
PH01138,P00905,NUM_01138,C
PH01139,P00666,NUM_01139,A
PH01140,P00327,NUM_01140,C
PH01141,P00034,NUM_01141,A
PH01142,P00918,NUM_01142,C
PH01143,P00071,NUM_01143,A
PH01144,P00923,NUM_01144,C
PH01145,P00205,NUM_01145,B
PH01146,P00817,NUM_01146,C
PH01147,P00502,NUM_01147,D
PH01148,P00866,NUM_01148,A
PH01149,P00164,NUM_01149,D
PH01150,P00714,NUM_01150,B
PH01151,P00500,NUM_01151,D
PH01152,P00471,NUM_01152,A
PH01153,P00580,NUM_01153,A
PH01154,P00240,NUM_01154,C
PH01155,P00016,NUM_01155,B
PH01156,P00914,NUM_01156,C
PH01157,P00021,NUM_01157,B
PH01158,P00368,NUM_01158,B
PH01159,P00933,NUM_01159,B
PH01160,P00076,NUM_01160,B
PH01161,P00436,NUM_01161,B
PH01162,P00339,NUM_01162,B
PH01163,P00587,NUM_01163,B
PH01164,P00007,NUM_01164,B
PH01165,P00176,NUM_01165,B
PH01166,P00349,NUM_01166,C
PH01167,P00924,NUM_01167,A
PH01168,P00679,NUM_01168,C
PH01169,P00189,NUM_01169,D
PH01170,P00521,NUM_01170,A
PH01171,P00017,NUM_01171,B
PH01172,P00481,NUM_01172,A
PH01173,P00125,NUM_01173,D
PH01174,P00396,NUM_01174,B
PH01175,P00202,NUM_01175,D
PH01176,P00971,NUM_01176,C
PH01177,P00515,NUM_01177,D
PH01178,P00828,NUM_01178,C
PH01179,P00399,NUM_01179,C
PH01180,P00909,NUM_01180,B
PH01181,P00045,NUM_01181,D
PH01182,P00928,NUM_01182,C
PH01183,P00341,NUM_01183,A
PH01184,P00340,NUM_01184,A
PH01185,P00400,NUM_01185,C
PH01186,P00228,NUM_01186,A
PH01187,P00121,NUM_01187,B
PH01188,P00554,NUM_01188,B
PH01189,P00890,NUM_01189,A
PH01190,P00155,NUM_01190,B
PH01191,P00450,NUM_01191,A
PH01192,P00362,NUM_01192,A
PH01193,P00117,NUM_01193,C
PH01194,P00095,NUM_01194,D
PH01195,P00816,NUM_01195,D
PH01196,P00874,NUM_01196,B
PH01197,P00176,NUM_01197,A
PH01198,P00757,NUM_01198,A
PH01199,P00840,NUM_01199,D
PH01200,P00080,NUM_01200,C
